名前,別名,高さ,重さ,タイプ1,タイプ2,H,A,B,C,D,S,合計値,タマゴ1,タマゴ2,分類,特性1,特性2,夢特性,世代,フォルム
フシギダネ,たねポケモン,0.7m,6.9kg,くさ,どく,45,49,49,65,65,45,318,怪獣,植物,一般,しんりょく,-,ようりょくそ,1,-
フシギソウ,たねポケモン,1.0m,13.0kg,くさ,どく,60,62,63,80,80,60,405,怪獣,植物,一般,しんりょく,-,ようりょくそ,1,-
フシギバナ,たねポケモン,2.0m,100.0kg,くさ,どく,80,82,83,100,100,80,525,怪獣,植物,一般,しんりょく,-,ようりょくそ,1,通常
メガフシギバナ,たねポケモン,2.4m,155.5kg,くさ,どく,80,100,123,122,120,80,625,怪獣,植物,一般,あついしぼう,-,-,1,メガ進化
ヒトカゲ,とかげポケモン,0.6m,8.5kg,ほのお,-,39,52,43,60,50,65,309,怪獣,ドラゴン,一般,もうか,-,サンパワー,1,-
リザード,かえんポケモン,1.1m,19.0kg,ほのお,-,58,64,58,80,65,80,405,怪獣,ドラゴン,一般,もうか,-,サンパワー,1,-
リザードン,かえんポケモン,1.7m,90.5kg,ほのお,ひこう,78,84,78,109,85,100,534,怪獣,ドラゴン,一般,もうか,-,サンパワー,1,通常
メガリザードンX,かえんポケモン,1.7m,110.5kg,ほのお,ドラゴン,78,130,111,130,85,100,634,怪獣,ドラゴン,一般,かたいツメ,-,-,1,メガ進化
メガリザードンY,かえんポケモン,1.7m,100.5kg,ほのお,ひこう,78,104,78,159,115,100,634,怪獣,ドラゴン,一般,ひでり,-,-,1,メガ進化
ゼニガメ,かめのこポケモン,0.5m,9.0kg,みず,-,44,48,65,50,64,43,314,怪獣,水中1,一般,げきりゅう,-,あめうけざら,1,-
カメール,かめポケモン,1.0m,22.5kg,みず,-,59,63,80,65,80,58,405,怪獣,水中1,一般,げきりゅう,-,あめうけざら,1,-
カメックス,こうらポケモン,1.6m,85.5kg,みず,-,79,83,100,85,105,78,530,怪獣,水中1,一般,げきりゅう,-,あめうけざら,1,通常
メガカメックス,こうらポケモン,1.6m,101.1kg,みず,-,79,103,120,135,115,78,630,怪獣,水中1,一般,メガランチャー,-,-,1,メガ進化
キャタピー,いもむしポケモン,0.3m,2.9kg,むし,-,45,30,35,20,20,45,195,虫,-,一般,りんぷん,-,にげあし,1,-
トランセル,さなぎポケモン,0.7m,9.9kg,むし,-,50,20,55,25,25,30,205,虫,-,一般,だっぴ,-,-,1,-
バタフリー,ちょうちょポケモン,1.1m,32.0kg,むし,ひこう,60,45,50,90,80,70,395,虫,-,一般,ふくがん,-,いろめがね,1,-
ビードル,けむしポケモン,0.3m,3.2kg,むし,どく,40,35,30,20,20,50,195,虫,-,一般,りんぷん,-,にげあし,1,-
コクーン,さなぎポケモン,0.6m,10.0kg,むし,どく,45,25,50,25,25,35,205,虫,-,一般,だっぴ,-,-,1,-
スピアー,どくばちポケモン,1.0m,29.5kg,むし,どく,65,90,40,45,80,75,395,虫,-,一般,むしのしらせ,-,スナイパー,1,通常
メガスピアー,どくばちポケモン,1.4m,40.5kg,むし,どく,65,150,40,15,80,145,495,虫,-,一般,てきおうりょく,-,-,1,メガ進化
ポッポ,ことりポケモン,0.3m,1.8kg,ノーマル,ひこう,40,45,40,35,35,56,251,飛行,-,一般,するどいめ,ちどりあし,はとむね,1,-
ピジョン,とりポケモン,1.1m,30.0kg,ノーマル,ひこう,63,60,55,50,50,71,349,飛行,-,一般,するどいめ,ちどりあし,はとむね,1,-
ピジョット,とりポケモン,1.5m,39.5kg,ノーマル,ひこう,83,80,75,70,70,101,479,飛行,-,一般,するどいめ,ちどりあし,はとむね,1,通常
メガピジョット,とりポケモン,2.2m,50.5kg,ノーマル,ひこう,83,80,80,135,80,121,579,飛行,-,一般,ノーガード,-,-,1,メガ進化
コラッタ,ねずみポケモン,0.3m,3.5kg,ノーマル,-,30,56,35,25,35,72,253,陸上,-,一般,にげあし,こんじょう,はりきり,1,通常
コラッタ,ねずみポケモン,0.3m,3.8kg,あく,ノーマル,30,56,35,25,35,72,253,陸上,-,一般,くいしんぼう,はりきり,あついしぼう,1,アローラのすがた
ラッタ,ねずみポケモン,0.7m,18.5kg,ノーマル,-,55,81,60,50,70,97,413,陸上,-,一般,にげあし,こんじょう,はりきり,1,通常
ラッタ,ねずみポケモン,0.7m,25.5kg,あく,ノーマル,75,71,70,40,80,77,413,陸上,-,一般,くいしんぼう,はりきり,あついしぼう,1,アローラのすがた
オニスズメ,ことりポケモン,0.3m,2.0kg,ノーマル,ひこう,40,60,30,31,31,70,262,飛行,-,一般,するどいめ,-,スナイパー,1,-
オニドリル,くちばしポケモン,1.2m,38.0kg,ノーマル,ひこう,65,90,65,61,61,100,442,飛行,-,一般,するどいめ,-,スナイパー,1,-
アーボ,へびポケモン,2.0m,6.9kg,どく,-,35,60,44,40,54,55,288,陸上,ドラゴン,一般,いかく,だっぴ,きんちょうかん,1,-
アーボック,コブラポケモン,3.5m,65.0kg,どく,-,60,95,69,65,79,80,448,陸上,ドラゴン,一般,いかく,だっぴ,きんちょうかん,1,-
ピカチュウ,ねずみポケモン,0.4m,6.0kg,でんき,-,35,55,40,50,50,90,320,陸上,妖精,一般,せいでんき,-,ひらいしん,1,-
ライチュウ,ねずみポケモン,0.8m,30.0kg,でんき,-,60,90,55,90,80,110,485,陸上,妖精,一般,せいでんき,-,ひらいしん,1,通常
ライチュウ,ねずみポケモン,0.7m,21.0kg,でんき,エスパー,60,85,50,95,85,110,485,陸上,妖精,一般,サーフテール,-,-,1,アローラのすがた
サンド,ねずみポケモン,0.6m,12.0kg,じめん,-,50,75,85,20,30,40,300,陸上,-,一般,すながくれ,-,すなかき,1,通常
サンド,ねずみポケモン,0.7m,40.0kg,こおり,はがね,50,75,90,10,35,40,300,陸上,-,一般,ゆきがくれ,-,ゆきかき,1,アローラのすがた
サンドパン,ねずみポケモン,1.0m,29.5kg,じめん,-,75,100,110,45,55,65,450,陸上,-,一般,すながくれ,-,すなかき,1,通常
サンドパン,ねずみポケモン,1.2m,55.0kg,こおり,はがね,75,100,120,25,65,65,450,陸上,-,一般,ゆきがくれ,-,ゆきかき,1,アローラのすがた
ニドラン♀,どくばりポケモン,0.4m,7.0kg,どく,-,55,47,52,40,40,41,275,怪獣,陸上,一般,どくのトゲ,とうそうしん,はりきり,1,-
ニドリーナ,どくばりポケモン,0.8m,20.0kg,どく,-,70,62,67,55,55,56,365,タマゴ未発見,-,一般,どくのトゲ,とうそうしん,はりきり,1,-
ニドクイン,ドリルポケモン,1.3m,60.0kg,どく,じめん,90,92,87,75,85,76,505,タマゴ未発見,-,一般,どくのトゲ,とうそうしん,ちからずく,1,-
ニドラン♂,どくばりポケモン,0.5m,9.0kg,どく,-,46,57,40,40,40,50,273,怪獣,陸上,一般,どくのトゲ,とうそうしん,はりきり,1,-
ニドリーノ,どくばりポケモン,0.9m,19.5kg,どく,-,61,72,57,55,55,65,365,怪獣,陸上,一般,どくのトゲ,とうそうしん,はりきり,1,-
ニドキング,ドリルポケモン,1.4m,62.0kg,どく,じめん,81,102,77,85,75,85,505,怪獣,陸上,一般,どくのトゲ,とうそうしん,ちからずく,1,-
ピッピ,ようせいポケモン,0.6m,7.5kg,フェアリー,-,70,45,48,60,65,35,323,妖精,-,一般,メロメロボディ,マジックガード,フレンドガード,1,-
ピクシー,ようせいポケモン,1.3m,40.0kg,フェアリー,-,95,70,73,95,90,60,483,妖精,-,一般,メロメロボディ,マジックガード,てんねん,1,-
ロコン,きつねポケモン,0.6m,9.9kg,ほのお,-,38,41,40,50,65,65,299,陸上,-,一般,もらいび,-,ひでり,1,通常
ロコン,きつねポケモン,0.6m,9.9kg,こおり,-,38,41,40,50,65,65,299,陸上,-,一般,ゆきがくれ,-,ゆきふらし,1,アローラのすがた
キュウコン,きつねポケモン,1.1m,19.9kg,ほのお,-,73,76,75,81,100,100,505,陸上,-,一般,もらいび,-,ひでり,1,通常
キュウコン,きつねポケモン,1.1m,19.9kg,こおり,フェアリー,73,67,75,81,100,109,505,陸上,-,一般,ゆきがくれ,-,ゆきふらし,1,アローラのすがた
プリン,ふうせんポケモン,0.5m,5.5kg,ノーマル,フェアリー,115,45,20,45,25,20,270,妖精,-,一般,メロメロボディ,かちき,フレンドガード,1,-
プクリン,ふうせんポケモン,1.0m,12.0kg,ノーマル,フェアリー,140,70,45,85,50,45,435,妖精,-,一般,メロメロボディ,かちき,おみとおし,1,-
ズバット,こうもりポケモン,0.8m,7.5kg,どく,ひこう,40,45,35,30,40,55,245,飛行,-,一般,せいしんりょく,-,すりぬけ,1,-
ゴルバット,こうもりポケモン,1.6m,55.0kg,どく,ひこう,75,80,70,65,75,90,455,飛行,-,一般,せいしんりょく,-,すりぬけ,1,-
ナゾノクサ,ざっそうポケモン,0.5m,5.4kg,くさ,どく,45,50,55,75,65,30,320,植物,-,一般,ようりょくそ,-,にげあし,1,-
クサイハナ,ざっそうポケモン,0.8m,8.6kg,くさ,どく,60,65,70,85,75,40,395,植物,-,一般,ようりょくそ,-,あくしゅう,1,-
ラフレシア,フラワーポケモン,1.2m,18.6kg,くさ,どく,75,80,85,110,90,50,490,植物,-,一般,ようりょくそ,-,ほうし,1,-
パラス,きのこポケモン,0.3m,5.4kg,むし,くさ,35,70,55,45,55,25,285,虫,植物,一般,ほうし,かんそうはだ,しめりけ,1,-
パラセクト,きのこポケモン,1.0m,29.5kg,むし,くさ,60,95,80,60,80,30,405,虫,植物,一般,ほうし,かんそうはだ,しめりけ,1,-
コンパン,こんちゅうポケモン,1.0m,30.0kg,むし,どく,60,55,50,40,55,45,305,虫,-,一般,ふくがん,いろめがね,にげあし,1,-
モルフォン,どくがポケモン,1.5m,12.5kg,むし,どく,70,65,60,90,75,90,450,虫,-,一般,りんぷん,いろめがね,ミラクルスキン,1,-
ディグダ,もぐらポケモン,0.2m,0.8kg,じめん,-,10,55,25,35,45,95,265,陸上,-,一般,すながくれ,ありじごく,すなのちから,1,通常
ディグダ,もぐらポケモン,0.2m,1.0kg,じめん,はがね,10,55,30,35,45,90,265,陸上,-,一般,すながくれ,カーリーヘアー,すなのちから,1,アローラのすがた
ダグトリオ,もぐらポケモン,0.7m,33.3kg,じめん,-,35,100,50,50,70,120,425,陸上,-,一般,すながくれ,ありじごく,すなのちから,1,通常
ダグトリオ,もぐらポケモン,0.7m,66.6kg,じめん,はがね,35,100,60,50,70,110,425,陸上,-,一般,すながくれ,カーリーヘアー,すなのちから,1,アローラのすがた
ニャース,ばけねこポケモン,0.4m,4.2kg,ノーマル,-,40,45,35,40,40,90,290,陸上,-,一般,ものひろい,テクニシャン,きんちょうかん,1,通常
ニャース,ばけねこポケモン,0.4m,4.2kg,あく,-,40,35,35,50,40,90,290,陸上,-,一般,ものひろい,テクニシャン,びびり,1,アローラのすがた
ペルシアン,シャムネコポケモン,1.0m,32.0kg,ノーマル,-,65,70,60,65,65,115,440,陸上,-,一般,じゅうなん,テクニシャン,きんちょうかん,1,通常
ペルシアン,シャムネコポケモン,1.1m,33.0kg,あく,-,65,60,60,75,65,115,440,陸上,-,一般,ファーコート,テクニシャン,びびり,1,アローラのすがた
コダック,あひるポケモン,0.8m,19.6kg,みず,-,50,52,48,65,50,55,320,水中1,陸上,一般,しめりけ,ノーてんき,すいすい,1,-
ゴルダック,あひるポケモン,1.7m,76.6kg,みず,-,80,82,78,95,80,85,500,水中1,陸上,一般,しめりけ,ノーてんき,すいすい,1,-
マンキー,ぶたざるポケモン,0.5m,28.0kg,かくとう,-,40,80,35,35,45,70,305,陸上,-,一般,やるき,いかりのつぼ,まけんき,1,-
オコリザル,ぶたざるポケモン,1.0m,32.0kg,かくとう,-,65,105,60,60,70,95,455,陸上,-,一般,やるき,いかりのつぼ,まけんき,1,-
ガーディ,こいぬポケモン,0.7m,19.0kg,ほのお,-,55,70,45,70,50,60,350,陸上,-,一般,いかく,もらいび,せいぎのこころ,1,-
ウインディ,でんせつポケモン,1.9m,155.0kg,ほのお,-,90,110,80,100,80,95,555,陸上,-,一般,いかく,もらいび,せいぎのこころ,1,-
ニョロモ,おたまポケモン,0.6m,12.4kg,みず,-,40,50,40,40,40,90,300,水中1,-,一般,ちょすい,しめりけ,すいすい,1,-
ニョロゾ,おたまポケモン,1.0m,20.0kg,みず,-,65,65,65,50,50,90,385,水中1,-,一般,ちょすい,しめりけ,すいすい,1,-
ニョロボン,おたまポケモン,1.3m,54.0kg,みず,かくとう,90,95,95,70,90,70,510,水中1,-,一般,ちょすい,しめりけ,すいすい,1,-
ケーシィ,ねんりきポケモン,0.9m,19.5kg,エスパー,-,25,20,15,105,55,90,310,人型,-,一般,シンクロ,せいしんりょく,マジックガード,1,-
ユンゲラー,ねんりきポケモン,1.3m,56.5kg,エスパー,-,40,35,30,120,70,105,400,人型,-,一般,シンクロ,せいしんりょく,マジックガード,1,-
フーディン,ねんりきポケモン,1.5m,48.0kg,エスパー,-,55,50,45,135,95,120,500,人型,-,一般,シンクロ,せいしんりょく,マジックガード,1,通常
メガフーディン,ねんりきポケモン,1.2m,48.0kg,エスパー,-,55,50,65,175,105,150,600,人型,-,一般,トレース,-,-,1,メガ進化
ワンリキー,かいりきポケモン,0.8m,19.5kg,かくとう,-,70,80,50,35,35,35,305,人型,-,一般,こんじょう,ノーガード,ふくつのこころ,1,-
ゴーリキー,かいりきポケモン,1.5m,70.5kg,かくとう,-,80,100,70,50,60,45,405,人型,-,一般,こんじょう,ノーガード,ふくつのこころ,1,-
カイリキー,かいりきポケモン,1.6m,130.0kg,かくとう,-,90,130,80,65,85,55,505,人型,-,一般,こんじょう,ノーガード,ふくつのこころ,1,-
マダツボミ,フラワーポケモン,0.7m,4.0kg,くさ,どく,50,75,35,70,30,40,300,植物,-,一般,ようりょくそ,-,くいしんぼう,1,-
ウツドン,ハエとりポケモン,1.0m,6.4kg,くさ,どく,65,90,50,85,45,55,390,植物,-,一般,ようりょくそ,-,くいしんぼう,1,-
ウツボット,ハエとりポケモン,1.7m,15.5kg,くさ,どく,80,105,65,100,70,70,490,植物,-,一般,ようりょくそ,-,くいしんぼう,1,-
メノクラゲ,くらげポケモン,0.9m,45.5kg,みず,どく,40,40,35,50,100,70,335,水中3,-,一般,クリアボディ,ヘドロえき,あめうけざら,1,-
ドククラゲ,くらげポケモン,1.6m,55.0kg,みず,どく,80,70,65,80,120,100,515,水中3,-,一般,クリアボディ,ヘドロえき,あめうけざら,1,-
イシツブテ,がんせきポケモン,0.4m,20.0kg,いわ,じめん,40,80,100,30,30,20,300,鉱物,-,一般,いしあたま,がんじょう,すながくれ,1,通常
イシツブテ,がんせきポケモン,0.4m,20.3kg,いわ,でんき,40,80,100,30,30,20,300,鉱物,-,一般,じりょく,がんじょう,エレキスキン,1,アローラのすがた
ゴローン,がんせきポケモン,1.0m,105.0kg,いわ,じめん,55,95,115,45,45,35,390,鉱物,-,一般,いしあたま,がんじょう,すながくれ,1,通常
ゴローン,がんせきポケモン,1.0m,110.0kg,いわ,でんき,55,95,115,45,45,35,390,鉱物,-,一般,じりょく,がんじょう,エレキスキン,1,アローラのすがた
ゴローニャ,メガトンポケモン,1.4m,300.0kg,いわ,じめん,80,120,130,55,65,45,495,鉱物,-,一般,いしあたま,がんじょう,すながくれ,1,通常
ゴローニャ,メガトンポケモン,1.7m,316.0kg,いわ,でんき,80,120,130,55,65,45,495,鉱物,-,一般,じりょく,がんじょう,エレキスキン,1,アローラのすがた
ポニータ,ひのうまポケモン,1.0m,30.0kg,ほのお,-,50,85,55,65,65,90,410,陸上,-,一般,にげあし,もらいび,ほのおのからだ,1,-
ギャロップ,ひのうまポケモン,1.7m,95.0kg,ほのお,-,65,100,70,80,80,105,500,陸上,-,一般,にげあし,もらいび,ほのおのからだ,1,-
ヤドン,まぬけポケモン,1.2m,36.0kg,みず,エスパー,90,65,65,40,40,15,315,怪獣,水中1,一般,どんかん,マイペース,さいせいりょく,1,-
ヤドラン,やどかりポケモン,1.6m,78.5kg,みず,エスパー,95,75,110,100,80,30,490,怪獣,水中1,一般,どんかん,マイペース,さいせいりょく,1,通常
メガヤドラン,やどかりポケモン,2.0m,120.0kg,みず,エスパー,95,75,180,130,80,30,590,怪獣,水中1,一般,シェルアーマー,-,-,1,メガ進化
コイル,じしゃくポケモン,0.3m,6.0kg,でんき,はがね,25,35,70,95,55,45,325,鉱物 (性別不明),-,一般,じりょく,がんじょう,アナライズ,1,-
レアコイル,じしゃくポケモン,1.0m,60.0kg,でんき,はがね,50,60,95,120,70,70,465,鉱物 (性別不明),-,一般,じりょく,がんじょう,アナライズ,1,-
カモネギ,かるがもポケモン,0.8m,15.0kg,ノーマル,ひこう,52,90,55,58,62,60,377,飛行,陸上,一般,するどいめ,せいしんりょく,まけんき,1,-
ドードー,ふたごどりポケモン,1.4m,39.2kg,ノーマル,ひこう,35,85,45,35,35,75,310,飛行,-,一般,にげあし,はやおき,ちどりあし,1,-
ドードリオ,みつごどりポケモン,1.8m,85.2kg,ノーマル,ひこう,60,110,70,60,60,110,470,飛行,-,一般,にげあし,はやおき,ちどりあし,1,-
パウワウ,あしかポケモン,1.1m,90.0kg,みず,-,65,45,55,45,70,45,325,水中1,陸上,一般,あついしぼう,うるおいボディ,アイスボディ,1,-
ジュゴン,あしかポケモン,1.7m,120.0kg,みず,こおり,90,70,80,70,95,70,475,水中1,陸上,一般,あついしぼう,うるおいボディ,アイスボディ,1,-
ベトベター,ヘドロポケモン,0.9m,30.0kg,どく,-,80,80,50,40,50,25,325,不定形,-,一般,あくしゅう,ねんちゃく,どくしゅ,1,通常
ベトベター,ヘドロポケモン,0.7m,42.0kg,どく,あく,80,80,50,40,50,25,325,不定形,-,一般,どくしゅ,くいしんぼう,かがくのちから,1,アローラのすがた
ベトベトン,ヘドロポケモン,1.2m,30.0kg,どく,-,105,105,75,65,100,50,500,不定形,-,一般,あくしゅう,ねんちゃく,どくしゅ,1,通常
ベトベトン,ヘドロポケモン,1.0m,52.0kg,どく,あく,105,105,75,65,100,50,500,不定形,-,一般,どくしゅ,くいしんぼう,かがくのちから,1,アローラのすがた
シェルダー,2まいがいポケモン,0.3m,4.0kg,みず,-,30,65,100,45,25,40,305,水中3,-,一般,シェルアーマー,スキルリンク,ぼうじん,1,-
パルシェン,2まいがいポケモン,1.5m,132.5kg,みず,こおり,50,95,180,85,45,70,525,水中3,-,一般,シェルアーマー,スキルリンク,ぼうじん,1,-
ゴース,ガスじょうポケモン,1.3m,0.1kg,ゴースト,どく,30,35,30,100,35,80,310,不定形,-,一般,ふゆう,-,-,1,-
ゴースト,ガスじょうポケモン,1.6m,0.1kg,ゴースト,どく,45,50,45,115,55,95,405,不定形,-,一般,ふゆう,-,-,1,-
ゲンガー,シャドーポケモン,1.5m,40.5kg,ゴースト,どく,60,65,60,130,75,110,500,不定形,-,一般,のろわれボディ,-,-,1,通常
メガゲンガー,シャドーポケモン,1.4m,40.5kg,ゴースト,どく,60,65,80,170,95,130,600,不定形,-,一般,かげふみ,-,-,1,メガ進化
イワーク,いわへびポケモン,8.8m,210.0kg,いわ,じめん,35,45,160,30,45,70,385,鉱物,-,一般,いしあたま,がんじょう,くだけるよろい,1,-
スリープ,さいみんポケモン,1.0m,32.4kg,エスパー,-,60,48,45,43,90,42,328,人型,-,一般,ふみん,よちむ,せいしんりょく,1,-
スリーパー,さいみんポケモン,1.6m,75.6kg,エスパー,-,85,73,70,73,115,67,483,人型,-,一般,ふみん,よちむ,せいしんりょく,1,-
クラブ,さわがにポケモン,0.4m,6.5kg,みず,-,30,105,90,25,25,50,325,水中3,-,一般,かいりきバサミ,シェルアーマー,ちからずく,1,-
キングラー,はさみポケモン,1.3m,60.0kg,みず,-,55,130,115,50,50,75,475,水中3,-,一般,かいりきバサミ,シェルアーマー,ちからずく,1,-
ビリリダマ,ボールポケモン,0.5m,10.4kg,でんき,-,40,30,50,55,55,100,330,鉱物 (性別不明),-,一般,ぼうおん,せいでんき,ゆうばく,1,-
マルマイン,ボールポケモン,1.2m,66.6kg,でんき,-,60,50,70,80,80,150,490,鉱物 (性別不明),-,一般,ぼうおん,せいでんき,ゆうばく,1,-
タマタマ,たまごポケモン,0.4m,2.5kg,くさ,エスパー,60,40,80,60,45,40,325,植物,-,一般,ようりょくそ,-,しゅうかく,1,-
ナッシー,やしのみポケモン,2.0m,120.0kg,くさ,エスパー,95,95,85,125,75,55,530,植物,-,一般,ようりょくそ,-,しゅうかく,1,通常
ナッシー,やしのみポケモン,10.9m,415.6kg,くさ,ドラゴン,95,105,85,125,75,45,530,植物,-,一般,おみとおし,-,しゅうかく,1,アローラのすがた
カラカラ,こどくポケモン,0.4m,6.5kg,じめん,-,50,50,95,40,50,35,320,怪獣,-,一般,いしあたま,ひらいしん,カブトアーマー,1,-
ガラガラ,ほねずきポケモン,1.0m,45.0kg,じめん,-,60,80,110,50,80,45,425,怪獣,-,一般,いしあたま,ひらいしん,カブトアーマー,1,通常
ガラガラ,ほねずきポケモン,1.0m,34.0kg,ほのお,ゴースト,60,80,110,50,80,45,425,怪獣,-,一般,のろわれボディ,ひらいしん,いしあたま,1,アローラのすがた
サワムラー,キックポケモン,1.5m,49.8kg,かくとう,-,50,120,53,35,110,87,455,人型,-,一般,じゅうなん,すてみ,かるわざ,1,-
エビワラー,パンチポケモン,1.4m,50.2kg,かくとう,-,50,105,79,35,110,76,455,人型,-,一般,するどいめ,てつのこぶし,せいしんりょく,1,-
ベロリンガ,なめまわしポケモン,1.2m,65.5kg,ノーマル,-,90,55,75,60,75,30,385,怪獣,-,一般,マイペース,どんかん,ノーてんき,1,-
ドガース,どくガスポケモン,0.6m,1.0kg,どく,-,40,65,95,60,45,35,340,不定形,-,一般,ふゆう,-,-,1,-
マタドガス,どくガスポケモン,1.2m,9.5kg,どく,-,65,90,120,85,70,60,490,不定形,-,一般,ふゆう,-,-,1,-
サイホーン,とげとげポケモン,1.0m,115.0kg,じめん,いわ,80,85,95,30,30,25,345,怪獣,陸上,一般,ひらいしん,いしあたま,すてみ,1,-
サイドン,ドリルポケモン,1.9m,120.0kg,じめん,いわ,105,130,120,45,45,40,485,怪獣,陸上,一般,ひらいしん,いしあたま,すてみ,1,-
ラッキー,たまごポケモン,1.1m,34.6kg,ノーマル,-,250,5,5,35,105,50,450,妖精,-,一般,しぜんかいふく,てんのめぐみ,いやしのこころ,1,-
モンジャラ,ツルじょうポケモン,1.0m,35.0kg,くさ,-,65,55,115,100,40,60,435,植物,-,一般,ようりょくそ,リーフガード,さいせいりょく,1,-
ガルーラ,おやこポケモン,2.2m,80.0kg,ノーマル,-,105,95,80,40,80,90,490,怪獣,-,一般,はやおき,きもったま,せいしんりょく,1,通常
メガガルーラ,おやこポケモン,2.2m,100.0kg,ノーマル,-,105,125,100,60,100,100,590,怪獣,-,一般,おやこあい,-,-,1,メガ進化
タッツー,ドラゴンポケモン,0.4m,8.0kg,みず,-,30,40,70,70,25,60,295,水中1,ドラゴン,一般,すいすい,スナイパー,しめりけ,1,-
シードラ,ドラゴンポケモン,1.2m,25.0kg,みず,-,55,65,95,95,45,85,440,水中1,ドラゴン,一般,どくのトゲ,スナイパー,しめりけ,1,-
トサキント,きんぎょポケモン,0.6m,15.0kg,みず,-,45,67,60,35,50,63,320,水中2,-,一般,すいすい,みずのベール,ひらいしん,1,-
アズマオウ,きんぎょポケモン,1.3m,39.0kg,みず,-,80,92,65,65,80,68,450,水中2,-,一般,すいすい,みずのベール,ひらいしん,1,-
ヒトデマン,ほしがたポケモン,0.8m,34.5kg,みず,-,30,45,55,70,55,85,340,水中3 (性別不明),-,一般,はっこう,しぜんかいふく,アナライズ,1,-
スターミー,なぞのポケモン,1.1m,80.0kg,みず,エスパー,60,75,85,100,85,115,520,水中3 (性別不明),-,一般,はっこう,しぜんかいふく,アナライズ,1,-
バリヤード,バリアーポケモン,1.3m,54.5kg,エスパー,フェアリー,40,45,65,100,120,90,460,人型,-,一般,ぼうおん,フィルター,テクニシャン,1,-
ストライク,かまきりポケモン,1.5m,56.0kg,むし,ひこう,70,110,80,55,80,105,500,虫,-,一般,むしのしらせ,テクニシャン,ふくつのこころ,1,-
ルージュラ,ひとがたポケモン,1.4m,40.6kg,こおり,エスパー,65,50,35,115,95,95,455,人型,-,一般,どんかん,よちむ,かんそうはだ,1,-
エレブー,でんげきポケモン,1.1m,30.0kg,でんき,-,65,83,57,95,85,105,490,人型,-,一般,せいでんき,-,やるき,1,-
ブーバー,ひふきポケモン,1.3m,44.5kg,ほのお,-,65,95,57,100,85,93,495,人型,-,一般,ほのおのからだ,-,やるき,1,-
カイロス,くわがたポケモン,1.5m,55.0kg,むし,-,65,125,100,55,70,85,500,虫,-,一般,かいりきバサミ,かたやぶり,じしんかじょう,1,通常
メガカイロス,くわがたポケモン,1.7m,59.0kg,むし,ひこう,65,155,120,65,90,105,600,虫,-,一般,スカイスキン,-,-,1,メガ進化
ケンタロス,あばれうしポケモン,1.4m,88.4kg,ノーマル,-,75,100,95,40,70,110,490,陸上,-,一般,いかく,いかりのつぼ,ちからずく,1,-
コイキング,さかなポケモン,0.9m,10.0kg,みず,-,20,10,55,15,20,80,200,水中2,ドラゴン,一般,すいすい,-,びびり,1,-
ギャラドス,きょうあくポケモン,6.5m,235.0kg,みず,ひこう,95,125,79,60,100,81,540,水中2,ドラゴン,一般,いかく,-,じしんかじょう,1,通常
メガギャラドス,きょうあくポケモン,6.5m,305.0kg,みず,あく,95,155,109,70,130,81,640,水中2,ドラゴン,一般,かたやぶり,-,-,1,メガ進化
ラプラス,のりものポケモン,2.5m,220.0kg,みず,こおり,130,85,80,85,95,60,535,怪獣,水中1,一般,ちょすい,シェルアーマー,うるおいボディ,1,-
メタモン,へんしんポケモン,0.3m,4.0kg,ノーマル,-,48,48,48,48,48,48,288,メタモン (性別不明),-,一般,じゅうなん,-,かわりもの,1,-
イーブイ,しんかポケモン,0.3m,6.5kg,ノーマル,-,55,55,50,45,65,55,325,陸上,-,一般,にげあし,てきおうりょく,きけんよち,1,-
シャワーズ,あわはきポケモン,1.0m,29.0kg,みず,-,130,65,60,110,95,65,525,陸上,-,一般,ちょすい,-,うるおいボディ,1,-
サンダース,かみなりポケモン,0.8m,24.5kg,でんき,-,65,65,60,110,95,130,525,陸上,-,一般,ちくでん,-,はやあし,1,-
ブースター,ほのおポケモン,0.9m,25.0kg,ほのお,-,65,130,60,95,110,65,525,陸上,-,一般,もらいび,-,こんじょう,1,-
ポリゴン,バーチャルポケモン,0.8m,36.5kg,ノーマル,-,65,60,70,85,75,40,395,鉱物 (性別不明),-,一般,トレース,ダウンロード,アナライズ,1,-
オムナイト,うずまきポケモン,0.4m,7.5kg,いわ,みず,35,40,100,90,55,35,355,水中1,水中3,一般,すいすい,シェルアーマー,くだけるよろい,1,-
オムスター,うずまきポケモン,1.0m,35.0kg,いわ,みず,70,60,125,115,70,55,495,水中1,水中3,一般,すいすい,シェルアーマー,くだけるよろい,1,-
カブト,こうらポケモン,0.5m,11.5kg,いわ,みず,30,80,90,55,45,55,355,水中1,水中3,一般,すいすい,カブトアーマー,くだけるよろい,1,-
カブトプス,こうらポケモン,1.3m,40.5kg,いわ,みず,60,115,105,65,70,80,495,水中1,水中3,一般,すいすい,カブトアーマー,くだけるよろい,1,-
プテラ,かせきポケモン,1.8m,59.0kg,いわ,ひこう,80,105,65,60,75,130,515,飛行,-,一般,いしあたま,プレッシャー,きんちょうかん,1,通常
メガプテラ,かせきポケモン,2.1m,79.0kg,いわ,ひこう,80,135,85,70,95,150,615,飛行,-,一般,かたいツメ,-,-,1,メガ進化
カビゴン,いねむりポケモン,2.1m,460.0kg,ノーマル,-,160,110,65,65,110,30,540,怪獣,-,一般,めんえき,あついしぼう,くいしんぼう,1,-
フリーザー,れいとうポケモン,1.7m,55.4kg,こおり,ひこう,90,85,100,95,125,85,580,タマゴ未発見,-,準伝説,プレッシャー,-,ゆきがくれ,1,-
サンダー,でんげきポケモン,1.6m,52.6kg,でんき,ひこう,90,90,85,125,90,100,580,タマゴ未発見,-,準伝説,プレッシャー,-,せいでんき,1,-
ファイヤー,かえんポケモン,2.0m,60.0kg,ほのお,ひこう,90,100,90,125,85,90,580,タマゴ未発見,-,準伝説,プレッシャー,-,ほのおのからだ,1,-
ミニリュウ,ドラゴンポケモン,1.8m,3.3kg,ドラゴン,-,41,64,45,50,50,50,300,水中1,ドラゴン,一般,だっぴ,-,ふしぎなうろこ,1,-
ハクリュー,ドラゴンポケモン,4.0m,16.5kg,ドラゴン,-,61,84,65,70,70,70,420,水中1,ドラゴン,一般,だっぴ,-,ふしぎなうろこ,1,-
カイリュー,ドラゴンポケモン,2.2m,210.0kg,ドラゴン,ひこう,91,134,95,100,100,80,600,水中1,ドラゴン,一般,せいしんりょく,-,マルチスケイル,1,-
ミュウツー,いでんしポケモン,2.0m,122.0kg,エスパー,-,106,110,90,154,90,130,680,タマゴ未発見,-,伝説,プレッシャー,-,きんちょうかん,1,通常
メガミュウツーX,いでんしポケモン,2.3m,127.0kg,エスパー,かくとう,106,190,100,154,100,130,780,タマゴ未発見,-,伝説,ふくつのこころ,-,-,1,メガ進化
メガミュウツーY,いでんしポケモン,1.5m,33.0kg,エスパー,-,106,150,70,194,120,140,780,タマゴ未発見,-,伝説,ふみん,-,-,1,メガ進化
ミュウ,しんしゅポケモン,0.4m,4.0kg,エスパー,-,100,100,100,100,100,100,600,タマゴ未発見,-,幻,シンクロ,-,-,1,-
チコリータ,はっぱポケモン,0.9m,6.4kg,くさ,-,45,49,65,49,65,45,318,怪獣,植物,一般,しんりょく,-,リーフガード,2,-
ベイリーフ,はっぱポケモン,1.2m,15.8kg,くさ,-,60,62,80,63,80,60,405,怪獣,植物,一般,しんりょく,-,リーフガード,2,-
メガニウム,ハーブポケモン,1.8m,100.5kg,くさ,-,80,82,100,83,100,80,525,怪獣,植物,一般,しんりょく,-,リーフガード,2,-
ヒノアラシ,ひねずみポケモン,0.5m,7.9kg,ほのお,-,39,52,43,60,50,65,309,陸上,-,一般,もうか,-,もらいび,2,-
マグマラシ,かざんポケモン,0.9m,19.0kg,ほのお,-,58,64,58,80,65,80,405,陸上,-,一般,もうか,-,もらいび,2,-
バクフーン,かざんポケモン,1.7m,79.5kg,ほのお,-,78,84,78,109,85,100,534,陸上,-,一般,もうか,-,もらいび,2,-
ワニノコ,おおあごポケモン,0.6m,9.5kg,みず,-,50,65,64,44,48,43,314,怪獣,水中1,一般,げきりゅう,-,ちからずく,2,-
アリゲイツ,おおあごポケモン,1.1m,25.0kg,みず,-,65,80,80,59,63,58,405,怪獣,水中1,一般,げきりゅう,-,ちからずく,2,-
オーダイル,おおあごポケモン,2.3m,88.8kg,みず,-,85,105,100,79,83,78,530,怪獣,水中1,一般,げきりゅう,-,ちからずく,2,-
オタチ,みはりポケモン,0.8m,6.0kg,ノーマル,-,35,46,34,35,45,20,215,陸上,-,一般,にげあし,するどいめ,おみとおし,2,-
オオタチ,どうながポケモン,1.8m,32.5kg,ノーマル,-,85,76,64,45,55,90,415,陸上,-,一般,にげあし,するどいめ,おみとおし,2,-
ホーホー,ふくろうポケモン,0.7m,21.2kg,ノーマル,ひこう,60,30,30,36,56,50,262,飛行,-,一般,ふみん,するどいめ,いろめがね,2,-
ヨルノズク,ふくろうポケモン,1.6m,40.8kg,ノーマル,ひこう,100,50,50,86,96,70,452,飛行,-,一般,ふみん,するどいめ,いろめがね,2,-
レディバ,いつつぼしポケモン,1.0m,10.8kg,むし,ひこう,40,20,30,40,80,55,265,虫,-,一般,むしのしらせ,はやおき,びびり,2,-
レディアン,いつつぼしポケモン,1.4m,35.6kg,むし,ひこう,55,35,50,55,110,85,390,虫,-,一般,むしのしらせ,はやおき,てつのこぶし,2,-
イトマル,いとはきポケモン,0.5m,8.5kg,むし,どく,40,60,40,40,40,30,250,虫,-,一般,むしのしらせ,ふみん,スナイパー,2,-
アリアドス,あしながポケモン,1.1m,33.5kg,むし,どく,70,90,70,60,70,40,400,虫,-,一般,むしのしらせ,ふみん,スナイパー,2,-
クロバット,こうもりポケモン,1.8m,75.0kg,どく,ひこう,85,90,80,70,80,130,535,飛行,-,一般,せいしんりょく,-,すりぬけ,2,-
チョンチー,あんこうポケモン,0.5m,12.0kg,みず,でんき,75,38,38,56,56,67,330,水中2,-,一般,ちくでん,はっこう,ちょすい,2,-
ランターン,ライトポケモン,1.2m,22.5kg,みず,でんき,125,58,58,76,76,67,460,水中2,-,一般,ちくでん,はっこう,ちょすい,2,-
ピチュー,こねずみポケモン,0.3m,2.0kg,でんき,-,20,40,15,35,35,60,205,タマゴ未発見,-,一般,せいでんき,-,ひらいしん,2,-
ピィ,ほしがたポケモン,0.3m,3.0kg,フェアリー,-,50,25,28,45,55,15,218,タマゴ未発見,-,一般,メロメロボディ,マジックガード,フレンドガード,2,-
ププリン,ふうせんポケモン,0.3m,1.0kg,ノーマル,フェアリー,90,30,15,40,20,15,210,タマゴ未発見,-,一般,メロメロボディ,かちき,フレンドガード,2,-
トゲピー,はりたまポケモン,0.3m,1.5kg,フェアリー,-,35,20,65,40,65,20,245,タマゴ未発見,-,一般,はりきり,てんのめぐみ,きょううん,2,-
トゲチック,しあわせポケモン,0.6m,3.2kg,フェアリー,ひこう,55,40,85,80,105,40,405,飛行,妖精,一般,はりきり,てんのめぐみ,きょううん,2,-
ネイティ,ことりポケモン,0.2m,2.0kg,エスパー,ひこう,40,50,45,70,45,70,320,飛行,-,一般,シンクロ,はやおき,マジックミラー,2,-
ネイティオ,せいれいポケモン,1.5m,15.0kg,エスパー,ひこう,65,75,70,95,70,95,470,飛行,-,一般,シンクロ,はやおき,マジックミラー,2,-
メリープ,わたげポケモン,0.6m,7.8kg,でんき,-,55,40,40,65,45,35,280,怪獣,陸上,一般,せいでんき,-,プラス,2,-
モココ,わたげポケモン,0.8m,13.3kg,でんき,-,70,55,55,80,60,45,365,怪獣,陸上,一般,せいでんき,-,プラス,2,-
デンリュウ,ライトポケモン,1.4m,61.5kg,でんき,-,90,75,85,115,90,55,510,怪獣,陸上,一般,せいでんき,-,プラス,2,通常
メガデンリュウ,ライトポケモン,1.4m,61.5kg,でんき,ドラゴン,90,95,105,165,110,45,610,怪獣,陸上,一般,かたやぶり,-,-,2,メガ進化
キレイハナ,フラワーポケモン,0.4m,5.8kg,くさ,-,75,80,95,90,100,50,490,植物,-,一般,ようりょくそ,-,いやしのこころ,2,-
マリル,みずねずみポケモン,0.4m,8.5kg,みず,フェアリー,70,20,50,20,50,40,250,水中1,妖精,一般,あついしぼう,ちからもち,そうしょく,2,-
マリルリ,みずうさぎポケモン,0.8m,28.5kg,みず,フェアリー,100,50,80,60,80,50,420,水中1,妖精,一般,あついしぼう,ちからもち,そうしょく,2,-
ウソッキー,まねポケモン,1.2m,38.0kg,いわ,-,70,100,115,30,65,30,410,鉱物,-,一般,がんじょう,いしあたま,びびり,2,-
ニョロトノ,かえるポケモン,1.1m,33.9kg,みず,-,90,75,75,90,100,70,500,水中1,-,一般,ちょすい,しめりけ,あめふらし,2,-
ハネッコ,わたくさポケモン,0.4m,0.5kg,くさ,ひこう,35,35,40,35,55,50,250,妖精,植物,一般,ようりょくそ,リーフガード,すりぬけ,2,-
ポポッコ,わたくさポケモン,0.6m,1.0kg,くさ,ひこう,55,45,50,45,65,80,340,妖精,植物,一般,ようりょくそ,リーフガード,すりぬけ,2,-
ワタッコ,わたくさポケモン,0.8m,3.0kg,くさ,ひこう,75,55,70,55,95,110,460,妖精,植物,一般,ようりょくそ,リーフガード,すりぬけ,2,-
エイパム,おながポケモン,0.8m,11.5kg,ノーマル,-,55,70,55,40,55,85,360,陸上,-,一般,にげあし,ものひろい,スキルリンク,2,-
ヒマナッツ,たねポケモン,0.3m,1.8kg,くさ,-,30,30,30,30,30,30,180,植物,-,一般,ようりょくそ,サンパワー,はやおき,2,-
キマワリ,たいようポケモン,0.8m,8.5kg,くさ,-,75,75,55,105,85,30,425,植物,-,一般,ようりょくそ,サンパワー,はやおき,2,-
ヤンヤンマ,うすばねポケモン,1.2m,38.0kg,むし,ひこう,65,65,45,75,45,95,390,虫,-,一般,かそく,ふくがん,おみとおし,2,-
ウパー,みずうおポケモン,0.4m,8.5kg,みず,じめん,55,45,45,25,25,15,210,水中1,陸上,一般,しめりけ,ちょすい,てんねん,2,-
ヌオー,みずうおポケモン,1.4m,75.0kg,みず,じめん,95,85,85,65,65,35,430,水中1,陸上,一般,しめりけ,ちょすい,てんねん,2,-
エーフィ,たいようポケモン,0.9m,26.5kg,エスパー,-,65,65,60,130,95,110,525,陸上,-,一般,シンクロ,-,マジックミラー,2,-
ブラッキー,げっこうポケモン,1.0m,27.0kg,あく,-,95,65,110,60,130,65,525,陸上,-,一般,シンクロ,-,せいしんりょく,2,-
ヤミカラス,くらやみポケモン,0.5m,2.1kg,あく,ひこう,60,85,42,85,42,91,405,飛行,-,一般,ふみん,きょううん,いたずらごころ,2,-
ヤドキング,おうじゃポケモン,2.0m,79.5kg,みず,エスパー,95,75,80,100,110,30,490,怪獣,水中1,一般,どんかん,マイペース,さいせいりょく,2,-
ムウマ,よなきポケモン,0.7m,1.0kg,ゴースト,-,60,60,60,85,85,85,435,不定形,-,一般,ふゆう,-,-,2,-
アンノーン,シンボルポケモン,0.5m,5.0kg,エスパー,-,48,72,48,72,48,48,336,タマゴ未発見,-,一般,ふゆう,-,-,2,-
ソーナンス,がまんポケモン,1.3m,28.5kg,エスパー,-,190,33,58,33,58,33,405,不定形,-,一般,かげふみ,-,テレパシー,2,-
キリンリキ,くびながポケモン,1.5m,41.5kg,ノーマル,エスパー,70,80,65,90,65,85,455,陸上,-,一般,せいしんりょく,はやおき,そうしょく,2,-
クヌギダマ,みのむしポケモン,0.6m,7.2kg,むし,-,50,65,90,35,35,15,290,虫,-,一般,がんじょう,-,ぼうじん,2,-
フォレトス,みのむしポケモン,1.2m,125.8kg,むし,はがね,75,90,140,60,60,40,465,虫,-,一般,がんじょう,-,ぼうじん,2,-
ノコッチ,つちへびポケモン,1.5m,14.0kg,ノーマル,-,100,70,70,65,65,45,415,陸上,-,一般,てんのめぐみ,にげあし,びびり,2,-
グライガー,とびさそりポケモン,1.1m,64.8kg,じめん,ひこう,65,75,105,35,65,85,430,虫,-,一般,かいりきバサミ,すながくれ,めんえき,2,-
ハガネール,てつへびポケモン,9.2m,400.0kg,はがね,じめん,75,85,200,55,65,30,510,鉱物,-,一般,いしあたま,がんじょう,ちからずく,2,通常
メガハガネール,てつへびポケモン,10.5m,740.0kg,はがね,じめん,75,125,230,55,95,30,610,鉱物,-,一般,すなのちから,-,-,2,メガ進化
ブルー,ようせいポケモン,0.6m,7.8kg,フェアリー,-,60,80,50,40,40,30,300,陸上,妖精,一般,いかく,にげあし,びびり,2,-
グランブル,ようせいポケモン,1.4m,48.7kg,フェアリー,-,90,120,75,60,60,45,450,陸上,妖精,一般,いかく,はやあし,びびり,2,-
ハリーセン,ふうせんポケモン,0.5m,3.9kg,みず,どく,65,95,85,55,55,85,440,水中2,-,一般,どくのトゲ,すいすい,いかく,2,-
ハッサム,はさみポケモン,1.8m,118.0kg,むし,はがね,70,130,100,55,80,65,500,虫,-,一般,むしのしらせ,テクニシャン,ライトメタル,2,通常
メガハッサム,はさみポケモン,2.0m,125.0kg,むし,はがね,70,150,140,65,100,75,600,虫,-,一般,テクニシャン,-,-,2,メガ進化
ツボツボ,はっこうポケモン,0.6m,20.5kg,むし,いわ,20,10,230,10,230,5,505,虫,-,一般,がんじょう,くいしんぼう,あまのじゃく,2,-
ヘラクロス,1ぽんヅノポケモン,1.5m,54.0kg,むし,かくとう,80,125,75,40,95,85,500,虫,-,一般,むしのしらせ,こんじょう,じしんかじょう,2,通常
メガヘラクロス,1ぽんヅノポケモン,1.7m,62.5kg,むし,かくとう,80,185,115,40,105,75,600,虫,-,一般,スキルリンク,-,-,2,メガ進化
ニューラ,かぎづめポケモン,0.9m,28.0kg,あく,こおり,55,95,55,35,75,115,430,陸上,-,一般,せいしんりょく,するどいめ,わるいてぐせ,2,-
ヒメグマ,こぐまポケモン,0.6m,8.8kg,ノーマル,-,60,80,50,50,50,40,330,陸上,-,一般,ものひろい,はやあし,みつあつめ,2,-
リングマ,とうみんポケモン,1.8m,125.8kg,ノーマル,-,90,130,75,75,75,55,500,陸上,-,一般,こんじょう,はやあし,きんちょうかん,2,-
マグマッグ,ようがんポケモン,0.7m,35.0kg,ほのお,-,40,40,40,70,40,20,250,不定形,-,一般,マグマのよろい,ほのおのからだ,くだけるよろい,2,-
マグカルゴ,ようがんポケモン,0.8m,55.0kg,ほのお,いわ,60,50,120,90,80,30,430,不定形,-,一般,マグマのよろい,ほのおのからだ,くだけるよろい,2,-
ウリムー,いのぶたポケモン,0.4m,6.5kg,こおり,じめん,50,50,40,30,30,50,250,陸上,-,一般,どんかん,ゆきがくれ,あついしぼう,2,-
イノムー,いのししポケモン,1.1m,55.8kg,こおり,じめん,100,100,80,60,60,50,450,陸上,-,一般,どんかん,ゆきがくれ,あついしぼう,2,-
サニーゴ,さんごポケモン,0.6m,5.0kg,みず,いわ,65,55,95,65,95,35,410,水中1,水中3,一般,はりきり,しぜんかいふく,さいせいりょく,2,-
テッポウオ,ふんしゃポケモン,0.6m,12.0kg,みず,-,35,65,35,65,35,65,300,水中1,水中2,一般,はりきり,スナイパー,ムラっけ,2,-
オクタン,ふんしゃポケモン,0.9m,28.5kg,みず,-,75,105,75,105,75,45,480,水中1,水中2,一般,きゅうばん,スナイパー,ムラっけ,2,-
デリバード,はこびやポケモン,0.9m,16.0kg,こおり,ひこう,45,55,45,65,45,75,330,水中1,陸上,一般,やるき,はりきり,ふみん,2,-
マンタイン,カイトポケモン,2.1m,220.0kg,みず,ひこう,85,40,70,80,140,70,485,水中1,-,一般,すいすい,ちょすい,みずのベール,2,-
エアームド,よろいどりポケモン,1.7m,50.5kg,はがね,ひこう,65,80,140,40,70,70,465,飛行,-,一般,するどいめ,がんじょう,くだけるよろい,2,-
デルビル,ダークポケモン,0.6m,10.8kg,あく,ほのお,45,60,30,80,50,65,330,陸上,-,一般,はやおき,もらいび,きんちょうかん,2,-
ヘルガー,ダークポケモン,1.4m,35.0kg,あく,ほのお,75,90,50,110,80,95,500,陸上,-,一般,はやおき,もらいび,きんちょうかん,2,通常
メガヘルガー,ダークポケモン,1.9m,49.5kg,あく,ほのお,75,90,90,140,90,115,600,陸上,-,一般,サンパワー,-,-,2,メガ進化
キングドラ,ドラゴンポケモン,1.8m,152.0kg,みず,ドラゴン,75,95,95,95,95,85,540,水中1,ドラゴン,一般,すいすい,スナイパー,しめりけ,2,-
ゴマゾウ,ながはなポケモン,0.5m,33.5kg,じめん,-,90,60,60,40,40,40,330,陸上,-,一般,ものひろい,-,すながくれ,2,-
ドンファン,よろいポケモン,1.1m,120.0kg,じめん,-,90,120,120,60,60,50,500,陸上,-,一般,がんじょう,-,すながくれ,2,-
ポリゴン2,バーチャルポケモン,0.6m,32.5kg,ノーマル,-,85,80,90,105,95,60,515,鉱物 (性別不明),-,一般,トレース,ダウンロード,アナライズ,2,-
オドシシ,おおツノポケモン,1.4m,71.2kg,ノーマル,-,73,95,62,85,65,85,465,陸上,-,一般,いかく,おみとおし,そうしょく,2,-
ドーブル,えかきポケモン,1.2m,58.0kg,ノーマル,-,55,20,35,20,45,75,250,陸上,-,一般,マイペース,テクニシャン,ムラっけ,2,-
バルキー,けんかポケモン,0.7m,21.0kg,かくとう,-,35,35,35,35,35,35,210,タマゴ未発見,-,一般,こんじょう,ふくつのこころ,やるき,2,-
カポエラー,さかだちポケモン,1.4m,48.0kg,かくとう,-,50,95,95,35,110,70,455,人型,-,一般,いかく,テクニシャン,ふくつのこころ,2,-
ムチュール,くちづけポケモン,0.4m,6.0kg,こおり,エスパー,45,30,15,85,65,65,305,タマゴ未発見,-,一般,どんかん,よちむ,うるおいボディ,2,-
エレキッド,でんきポケモン,0.6m,23.5kg,でんき,-,45,63,37,65,55,95,360,タマゴ未発見,-,一般,せいでんき,-,やるき,2,-
ブビィ,ひだねポケモン,0.7m,21.4kg,ほのお,-,45,75,37,70,55,83,365,タマゴ未発見,-,一般,ほのおのからだ,-,やるき,2,-
ミルタンク,ちちうしポケモン,1.2m,75.5kg,ノーマル,-,95,80,105,40,70,100,490,陸上,-,一般,あついしぼう,きもったま,そうしょく,2,-
ハピナス,しあわせポケモン,1.5m,46.8kg,ノーマル,-,255,10,10,75,135,55,540,妖精,-,一般,しぜんかいふく,てんのめぐみ,いやしのこころ,2,-
ライコウ,いかずちポケモン,1.9m,178.0kg,でんき,-,90,85,75,115,100,115,580,タマゴ未発見,-,準伝説,プレッシャー,-,せいしんりょく,2,-
エンテイ,かざんポケモン,2.1m,198.0kg,ほのお,-,115,115,85,90,75,100,580,タマゴ未発見,-,準伝説,プレッシャー,-,せいしんりょく,2,-
スイクン,オーロラポケモン,2.0m,187.0kg,みず,-,100,75,115,90,115,85,580,タマゴ未発見,-,準伝説,プレッシャー,-,せいしんりょく,2,-
ヨーギラス,いわはだポケモン,0.6m,72.0kg,いわ,じめん,50,64,50,45,50,41,300,怪獣,-,一般,こんじょう,-,すながくれ,2,-
サナギラス,だんがんポケモン,1.2m,152.0kg,いわ,じめん,70,84,70,65,70,51,410,怪獣,-,一般,だっぴ,-,-,2,-
バンギラス,よろいポケモン,2.0m,202.0kg,いわ,あく,100,134,110,95,100,61,600,怪獣,-,一般,すなおこし,-,きんちょうかん,2,通常
メガバンギラス,よろいポケモン,2.5m,255.0kg,いわ,あく,100,164,150,95,120,71,700,怪獣,-,一般,すなおこし,-,-,2,メガ進化
ルギア,せんすいポケモン,5.2m,216.0kg,エスパー,ひこう,106,90,130,90,154,110,680,タマゴ未発見,-,伝説,プレッシャー,-,マルチスケイル,2,-
ホウオウ,にじいろポケモン,3.8m,199.0kg,ほのお,ひこう,106,130,90,110,154,90,680,タマゴ未発見,-,伝説,プレッシャー,-,さいせいりょく,2,-
セレビィ,ときわたりポケモン,0.6m,5.0kg,エスパー,くさ,100,100,100,100,100,100,600,タマゴ未発見,-,幻,しぜんかいふく,-,-,2,-
キモリ,もりトカゲポケモン,0.5m,5.0kg,くさ,-,40,45,35,65,55,70,310,怪獣,ドラゴン,一般,しんりょく,-,かるわざ,3,-
ジュプトル,もりトカゲポケモン,0.9m,21.6kg,くさ,-,50,65,45,85,65,95,405,怪獣,ドラゴン,一般,しんりょく,-,かるわざ,3,-
ジュカイン,みつりんポケモン,1.7m,52.2kg,くさ,-,70,85,65,105,85,120,530,怪獣,ドラゴン,一般,しんりょく,-,かるわざ,3,通常
メガジュカイン,みつりんポケモン,1.9m,55.2kg,くさ,ドラゴン,70,110,75,145,85,145,630,怪獣,ドラゴン,一般,ひらいしん,-,-,3,メガ進化
アチャモ,ひよこポケモン,0.4m,2.5kg,ほのお,-,45,60,40,70,50,45,310,陸上,-,一般,もうか,-,かそく,3,-
ワカシャモ,わかどりポケモン,0.9m,19.5kg,ほのお,かくとう,60,85,60,85,60,55,405,陸上,-,一般,もうか,-,かそく,3,-
バシャーモ,もうかポケモン,1.9m,52.0kg,ほのお,かくとう,80,120,70,110,70,80,530,陸上,-,一般,もうか,-,かそく,3,通常
メガバシャーモ,もうかポケモン,1.9m,52.0kg,ほのお,かくとう,80,160,80,130,80,100,630,陸上,-,一般,かそく,-,-,3,メガ進化
ミズゴロウ,ぬまうおポケモン,0.4m,7.6kg,みず,-,50,70,50,50,50,40,310,怪獣,水中1,一般,げきりゅう,-,しめりけ,3,-
ヌマクロー,ぬまうおポケモン,0.7m,28.0kg,みず,じめん,70,85,70,60,70,50,405,怪獣,水中1,一般,げきりゅう,-,しめりけ,3,-
ラグラージ,ぬまうおポケモン,1.5m,81.9kg,みず,じめん,100,110,90,85,90,60,535,怪獣,水中1,一般,げきりゅう,-,しめりけ,3,通常
メガラグラージ,ぬまうおポケモン,1.9m,102.0kg,みず,じめん,100,150,110,95,110,70,635,怪獣,水中1,一般,すいすい,-,-,3,メガ進化
ポチエナ,かみつきポケモン,0.5m,13.6kg,あく,-,35,55,35,30,30,35,220,陸上,-,一般,にげあし,はやあし,びびり,3,-
グラエナ,かみつきポケモン,1.0m,37.0kg,あく,-,70,90,70,60,60,70,420,陸上,-,一般,いかく,はやあし,じしんかじょう,3,-
ジグザグマ,まめだぬきポケモン,0.4m,17.5kg,ノーマル,-,38,30,41,30,41,60,240,陸上,-,一般,ものひろい,くいしんぼう,はやあし,3,-
マッスグマ,とっしんポケモン,0.5m,32.5kg,ノーマル,-,78,70,61,50,61,100,420,陸上,-,一般,ものひろい,くいしんぼう,はやあし,3,-
ケムッソ,いもむしポケモン,0.3m,3.6kg,むし,-,45,45,35,20,30,20,195,虫,-,一般,りんぷん,-,にげあし,3,-
カラサリス,さなぎポケモン,0.6m,10.0kg,むし,-,50,35,55,25,25,15,205,虫,-,一般,だっぴ,-,-,3,-
アゲハント,ちょうちょポケモン,1.0m,28.4kg,むし,ひこう,60,70,50,100,50,65,395,虫,-,一般,むしのしらせ,-,とうそうしん,3,-
マユルド,さなぎポケモン,0.7m,11.5kg,むし,-,50,35,55,25,25,15,205,虫,-,一般,だっぴ,-,-,3,-
ドクケイル,どくがポケモン,1.2m,31.6kg,むし,どく,60,50,70,50,90,65,385,虫,-,一般,りんぷん,-,ふくがん,3,-
ハスボー,うきくさポケモン,0.5m,2.6kg,みず,くさ,40,30,30,40,50,30,220,水中1,植物,一般,すいすい,あめうけざら,マイペース,3,-
ハスブレロ,ようきポケモン,1.2m,32.5kg,みず,くさ,60,50,50,60,70,50,340,水中1,植物,一般,すいすい,あめうけざら,マイペース,3,-
ルンパッパ,のうてんきポケモン,1.5m,55.0kg,みず,くさ,80,70,70,90,100,70,480,水中1,植物,一般,すいすい,あめうけざら,マイペース,3,-
タネボー,どんぐりポケモン,0.5m,4.0kg,くさ,-,40,40,50,30,30,30,220,陸上,植物,一般,ようりょくそ,はやおき,わるいてぐせ,3,-
コノハナ,いじわるポケモン,1.0m,28.0kg,くさ,あく,70,70,40,60,40,60,340,陸上,植物,一般,ようりょくそ,はやおき,わるいてぐせ,3,-
ダーテング,よこしまポケモン,1.3m,59.6kg,くさ,あく,90,100,60,90,60,80,480,陸上,植物,一般,ようりょくそ,はやおき,わるいてぐせ,3,-
スバメ,こツバメポケモン,0.3m,2.3kg,ノーマル,ひこう,40,55,30,30,30,85,270,飛行,-,一般,こんじょう,-,きもったま,3,-
オオスバメ,ツバメポケモン,0.7m,19.8kg,ノーマル,ひこう,60,85,60,75,50,125,455,飛行,-,一般,こんじょう,-,きもったま,3,-
キャモメ,うみねこポケモン,0.6m,9.5kg,みず,ひこう,40,30,30,55,30,85,270,水中1,飛行,一般,するどいめ,うるおいボディ,あめうけざら,3,-
ペリッパー,みずどりポケモン,1.2m,28.0kg,みず,ひこう,60,50,100,95,70,65,440,水中1,飛行,一般,するどいめ,あめふらし,あめうけざら,3,-
ラルトス,きもちポケモン,0.4m,6.6kg,エスパー,フェアリー,28,25,25,45,35,40,198,不定形,-,一般,シンクロ,トレース,テレパシー,3,-
キルリア,かんじょうポケモン,0.8m,20.2kg,エスパー,フェアリー,38,35,35,65,55,50,278,不定形,-,一般,シンクロ,トレース,テレパシー,3,-
サーナイト,ほうようポケモン,1.6m,48.4kg,エスパー,フェアリー,68,65,65,125,115,80,518,不定形,-,一般,シンクロ,トレース,テレパシー,3,通常
メガサーナイト,ほうようポケモン,1.6m,48.4kg,エスパー,フェアリー,68,85,65,165,135,100,618,不定形,-,一般,フェアリースキン,-,-,3,メガ進化
アメタマ,あめんぼポケモン,0.5m,1.7kg,むし,みず,40,30,32,50,52,65,269,水中1,虫,一般,すいすい,-,あめうけざら,3,-
アメモース,めだまポケモン,0.8m,3.6kg,むし,ひこう,70,60,62,100,82,80,454,水中1,虫,一般,いかく,-,きんちょうかん,3,-
キノココ,きのこポケモン,0.4m,4.5kg,くさ,-,60,40,60,40,60,35,295,妖精,植物,一般,ほうし,ポイズンヒール,はやあし,3,-
キノガッサ,きのこポケモン,1.2m,39.2kg,くさ,かくとう,60,130,80,60,60,70,460,妖精,植物,一般,ほうし,ポイズンヒール,テクニシャン,3,-
ナマケロ,なまけものポケモン,0.8m,24.0kg,ノーマル,-,60,60,60,35,35,30,280,陸上,-,一般,なまけ,-,-,3,-
ヤルキモノ,あばれザルポケモン,1.4m,46.5kg,ノーマル,-,80,80,80,55,55,90,440,陸上,-,一般,やるき,-,-,3,-
ケッキング,ものぐさポケモン,2.0m,130.5kg,ノーマル,-,150,160,100,95,65,100,670,陸上,-,一般,なまけ,-,-,3,-
ツチニン,したづみポケモン,0.5m,5.5kg,むし,じめん,31,45,90,30,30,40,266,虫,-,一般,ふくがん,-,にげあし,3,-
テッカニン,しのびポケモン,0.8m,12.0kg,むし,ひこう,61,90,45,50,50,160,456,虫,-,一般,かそく,-,すりぬけ,3,-
ヌケニン,ぬけがらポケモン,0.8m,1.2kg,むし,ゴースト,1,90,45,30,30,40,236,鉱物 (性別不明),-,一般,ふしぎなまもり,-,-,3,-
ゴニョニョ,ささやきポケモン,0.6m,16.3kg,ノーマル,-,64,51,23,51,23,28,240,怪獣,陸上,一般,ぼうおん,-,びびり,3,-
ドゴーム,おおごえポケモン,1.0m,40.5kg,ノーマル,-,84,71,43,71,43,48,360,怪獣,陸上,一般,ぼうおん,-,きもったま,3,-
バクオング,そうおんポケモン,1.5m,84.0kg,ノーマル,-,104,91,63,91,73,68,490,怪獣,陸上,一般,ぼうおん,-,きもったま,3,-
マクノシタ,こんじょうポケモン,1.0m,86.4kg,かくとう,-,72,60,30,20,30,25,237,人型,-,一般,あついしぼう,こんじょう,ちからずく,3,-
ハリテヤマ,つっぱりポケモン,2.3m,253.8kg,かくとう,-,144,120,60,40,60,50,474,人型,-,一般,あついしぼう,こんじょう,ちからずく,3,-
ルリリ,みずたまポケモン,0.2m,2.0kg,ノーマル,フェアリー,50,20,40,20,40,20,190,タマゴ未発見,-,一般,あついしぼう,ちからもち,そうしょく,3,-
ノズパス,コンパスポケモン,1.0m,97.0kg,いわ,-,30,45,135,45,90,30,375,鉱物,-,一般,がんじょう,じりょく,すなのちから,3,-
エネコ,こねこポケモン,0.6m,11.0kg,ノーマル,-,50,45,45,35,35,50,260,陸上,妖精,一般,メロメロボディ,ノーマルスキン,ミラクルスキン,3,-
エネコロロ,おすましポケモン,1.1m,32.6kg,ノーマル,-,70,65,65,55,55,90,400,陸上,妖精,一般,メロメロボディ,ノーマルスキン,ミラクルスキン,3,-
ヤミラミ,くらやみポケモン,0.5m,11.0kg,あく,ゴースト,50,75,75,65,65,50,380,人型,-,一般,するどいめ,あとだし,いたずらごころ,3,通常
メガヤミラミ,くらやみポケモン,0.5m,161.0kg,あく,ゴースト,50,85,125,85,115,20,480,人型,-,一般,マジックミラー,-,-,3,メガ進化
クチート,あざむきポケモン,0.6m,11.5kg,はがね,フェアリー,50,85,85,55,55,50,380,陸上,妖精,一般,かいりきバサミ,いかく,ちからずく,3,通常
メガクチート,あざむきポケモン,1.0m,23.5kg,はがね,フェアリー,50,105,125,55,95,50,480,陸上,妖精,一般,ちからもち,-,-,3,メガ進化
ココドラ,てつヨロイポケモン,0.4m,60.0kg,はがね,いわ,50,70,100,40,40,30,330,怪獣,-,一般,がんじょう,いしあたま,ヘヴィメタル,3,-
コドラ,てつヨロイポケモン,0.9m,120.0kg,はがね,いわ,60,90,140,50,50,40,430,怪獣,-,一般,がんじょう,いしあたま,ヘヴィメタル,3,-
ボスゴドラ,てつヨロイポケモン,2.1m,360.0kg,はがね,いわ,70,110,180,60,60,50,530,怪獣,-,一般,がんじょう,いしあたま,ヘヴィメタル,3,通常
メガボスゴドラ,てつヨロイポケモン,2.2m,395.0kg,はがね,-,70,140,230,60,80,50,630,怪獣,-,一般,フィルター,-,-,3,メガ進化
アサナン,めいそうポケモン,0.6m,11.2kg,かくとう,エスパー,30,40,55,40,55,60,280,人型,-,一般,ヨガパワー,-,テレパシー,3,-
チャーレム,めいそうポケモン,1.3m,31.5kg,かくとう,エスパー,60,60,75,60,75,80,410,人型,-,一般,ヨガパワー,-,テレパシー,3,通常
メガチャーレム,めいそうポケモン,1.3m,31.5kg,かくとう,エスパー,60,100,85,80,85,100,510,人型,-,一般,ヨガパワー,-,-,3,メガ進化
ラクライ,いなずまポケモン,0.6m,15.2kg,でんき,-,40,45,40,65,40,65,295,陸上,-,一般,せいでんき,ひらいしん,マイナス,3,-
ライボルト,ほうでんポケモン,1.5m,40.2kg,でんき,-,70,75,60,105,60,105,475,陸上,-,一般,せいでんき,ひらいしん,マイナス,3,通常
メガライボルト,ほうでんポケモン,1.8m,44.0kg,でんき,-,70,75,80,135,80,135,575,陸上,-,一般,いかく,-,-,3,メガ進化
プラスル,おうえんポケモン,0.4m,4.2kg,でんき,-,60,50,40,85,75,95,405,妖精,-,一般,プラス,-,ひらいしん,3,-
マイナン,おうえんポケモン,0.4m,4.2kg,でんき,-,60,40,50,75,85,95,405,妖精,-,一般,マイナス,-,ちくでん,3,-
バルビート,ほたるポケモン,0.7m,17.7kg,むし,-,65,73,75,47,85,85,430,虫,人型,一般,はっこう,むしのしらせ,いたずらごころ,3,-
イルミーゼ,ほたるポケモン,0.6m,17.7kg,むし,-,65,47,75,73,85,85,430,虫,人型,一般,どんかん,いろめがね,いたずらごころ,3,-
ロゼリア,いばらポケモン,0.3m,2.0kg,くさ,どく,50,60,45,100,80,65,400,妖精,植物,一般,しぜんかいふく,どくのトゲ,リーフガード,3,-
ゴクリン,いぶくろポケモン,0.4m,10.3kg,どく,-,70,43,53,43,53,40,302,不定形,-,一般,ヘドロえき,ねんちゃく,くいしんぼう,3,-
マルノーム,どくぶくろポケモン,1.7m,80.0kg,どく,-,100,73,83,73,83,55,467,不定形,-,一般,ヘドロえき,ねんちゃく,くいしんぼう,3,-
キバニア,どうもうポケモン,0.8m,20.8kg,みず,あく,45,90,20,65,20,65,305,水中2,-,一般,さめはだ,-,かそく,3,-
サメハダー,きょうぼうポケモン,1.8m,88.8kg,みず,あく,70,120,40,95,40,95,460,水中2,-,一般,さめはだ,-,かそく,3,通常
メガサメハダー,きょうぼうポケモン,2.5m,130.3kg,みず,あく,70,140,70,110,65,105,560,水中2,-,一般,がんじょうあご,-,-,3,メガ進化
ホエルコ,たまくじらポケモン,2.0m,130.0kg,みず,-,130,70,35,70,35,60,400,陸上,水中2,一般,みずのベール,どんかん,プレッシャー,3,-
ホエルオー,うきくじらポケモン,14.5m,398.0kg,みず,-,170,90,45,90,45,60,500,陸上,水中2,一般,みずのベール,どんかん,プレッシャー,3,-
ドンメル,どんかんポケモン,0.7m,24.0kg,ほのお,じめん,60,60,40,65,45,35,305,陸上,-,一般,どんかん,たんじゅん,マイペース,3,-
バクーダ,ふんかポケモン,1.9m,220.0kg,ほのお,じめん,70,100,70,105,75,40,460,陸上,-,一般,マグマのよろい,ハードロック,いかりのつぼ,3,通常
メガバクーダ,ふんかポケモン,2.5m,320.5kg,ほのお,じめん,70,120,100,145,105,20,560,陸上,-,一般,ちからずく,-,-,3,メガ進化
コータス,せきたんポケモン,0.5m,80.4kg,ほのお,-,70,85,140,85,70,20,470,陸上,-,一般,しろいけむり,ひでり,シェルアーマー,3,-
バネブー,とびはねポケモン,0.7m,30.6kg,エスパー,-,60,25,35,70,80,60,330,陸上,-,一般,あついしぼう,マイペース,くいしんぼう,3,-
ブーピッグ,あやつりポケモン,0.9m,71.5kg,エスパー,-,80,45,65,90,110,80,470,陸上,-,一般,あついしぼう,マイペース,くいしんぼう,3,-
パッチール,ぶちパンダポケモン,1.1m,5.0kg,ノーマル,-,60,60,60,60,60,60,360,陸上,人型,一般,マイペース,ちどりあし,あまのじゃく,3,-
ナックラー,ありじごくポケモン,0.7m,15.0kg,じめん,-,45,100,45,45,45,10,290,虫,-,一般,かいりきバサミ,ありじごく,ちからずく,3,-
ビブラーバ,しんどうポケモン,1.1m,15.3kg,じめん,ドラゴン,50,70,50,50,50,70,340,虫,-,一般,ふゆう,-,-,3,-
フライゴン,せいれいポケモン,2.0m,82.0kg,じめん,ドラゴン,80,100,80,80,80,100,520,虫,-,一般,ふゆう,-,-,3,-
サボネア,サボテンポケモン,0.4m,51.3kg,くさ,-,50,85,40,85,40,35,335,植物,人型,一般,すながくれ,-,ちょすい,3,-
ノクタス,カカシぐさポケモン,1.3m,77.4kg,くさ,あく,70,115,60,115,60,55,475,植物,人型,一般,すながくれ,-,ちょすい,3,-
チルット,わたどりポケモン,0.4m,1.2kg,ノーマル,ひこう,45,40,60,40,75,50,310,飛行,ドラゴン,一般,しぜんかいふく,-,ノーてんき,3,-
チルタリス,ハミングポケモン,1.1m,20.6kg,ドラゴン,ひこう,75,70,90,70,105,80,490,飛行,ドラゴン,一般,しぜんかいふく,-,ノーてんき,3,通常
メガチルタリス,ハミングポケモン,1.5m,20.6kg,ドラゴン,フェアリー,75,110,110,110,105,80,590,飛行,ドラゴン,一般,フェアリースキン,-,-,3,メガ進化
ザングース,ネコイタチポケモン,1.3m,40.3kg,ノーマル,-,73,115,60,60,60,90,458,陸上,-,一般,めんえき,-,どくぼうそう,3,-
ハブネーク,キバへびポケモン,2.7m,52.5kg,どく,-,73,100,60,100,60,65,458,陸上,ドラゴン,一般,だっぴ,-,すりぬけ,3,-
ルナトーン,いんせきポケモン,1.0m,168.0kg,いわ,エスパー,90,55,65,95,85,70,460,鉱物 (性別不明),-,一般,ふゆう,-,-,3,-
ソルロック,いんせきポケモン,1.2m,154.0kg,いわ,エスパー,90,95,85,55,65,70,460,鉱物 (性別不明),-,一般,ふゆう,-,-,3,-
ドジョッチ,ひげうおポケモン,0.4m,1.9kg,みず,じめん,50,48,43,46,41,60,288,水中2,-,一般,どんかん,きけんよち,うるおいボディ,3,-
ナマズン,ひげうおポケモン,0.9m,23.6kg,みず,じめん,110,78,73,76,71,60,468,水中2,-,一般,どんかん,きけんよち,うるおいボディ,3,-
ヘイガニ,ごろつきポケモン,0.6m,11.5kg,みず,-,43,80,65,50,35,35,308,水中1,水中3,一般,かいりきバサミ,シェルアーマー,てきおうりょく,3,-
シザリガー,ならずものポケモン,1.1m,32.8kg,みず,あく,63,120,85,90,55,55,468,水中1,水中3,一般,かいりきバサミ,シェルアーマー,てきおうりょく,3,-
ヤジロン,どぐうポケモン,0.5m,21.5kg,じめん,エスパー,40,40,55,40,70,55,300,鉱物 (性別不明),-,一般,ふゆう,-,-,3,-
ネンドール,どぐうポケモン,1.5m,108.0kg,じめん,エスパー,60,70,105,70,120,75,500,鉱物 (性別不明),-,一般,ふゆう,-,-,3,-
リリーラ,ウミユリポケモン,1.0m,23.8kg,いわ,くさ,66,41,77,61,87,23,355,水中3,-,一般,きゅうばん,-,よびみず,3,-
ユレイドル,いわつぼポケモン,1.5m,60.4kg,いわ,くさ,86,81,97,81,107,43,495,水中3,-,一般,きゅうばん,-,よびみず,3,-
アノプス,むかしエビポケモン,0.7m,12.5kg,いわ,むし,45,95,50,40,50,75,355,水中3,-,一般,カブトアーマー,-,すいすい,3,-
アーマルド,かっちゅうポケモン,1.5m,68.2kg,いわ,むし,75,125,100,70,80,45,495,水中3,-,一般,カブトアーマー,-,すいすい,3,-
ヒンバス,さかなポケモン,0.6m,7.4kg,みず,-,20,15,20,10,55,80,200,水中1,ドラゴン,一般,すいすい,どんかん,てきおうりょく,3,-
ミロカロス,いつくしみポケモン,6.2m,162.0kg,みず,-,95,60,79,100,125,81,540,水中1,ドラゴン,一般,ふしぎなうろこ,かちき,メロメロボディ,3,-
ポワルン,てんきポケモン,0.3m,0.8kg,ノーマル,-,70,70,70,70,70,70,420,妖精,不定形,一般,てんきや,-,-,3,-
カクレオン,いろへんげポケモン,1.0m,22.0kg,ノーマル,-,60,90,70,60,120,40,440,陸上,-,一般,へんしょく,-,へんげんじざい,3,-
カゲボウズ,にんぎょうポケモン,0.6m,2.3kg,ゴースト,-,44,75,35,63,33,45,295,不定形,-,一般,ふみん,おみとおし,のろわれボディ,3,-
ジュペッタ,ぬいぐるみポケモン,1.1m,12.5kg,ゴースト,-,64,115,65,83,63,65,455,不定形,-,一般,ふみん,おみとおし,のろわれボディ,3,通常
メガジュペッタ,ぬいぐるみポケモン,1.2m,13.0kg,ゴースト,-,64,165,75,93,83,75,555,不定形,-,一般,いたずらごころ,-,-,3,メガ進化
ヨマワル,おむかえポケモン,0.8m,15.0kg,ゴースト,-,20,40,90,30,90,25,295,不定形,-,一般,ふゆう,-,おみとおし,3,-
サマヨール,てまねきポケモン,1.6m,30.6kg,ゴースト,-,40,70,130,60,130,25,455,不定形,-,一般,プレッシャー,-,おみとおし,3,-
トロピウス,フルーツポケモン,2.0m,100.0kg,くさ,ひこう,99,68,83,72,87,51,460,怪獣,植物,一般,ようりょくそ,サンパワー,しゅうかく,3,-
チリーン,ふうりんポケモン,0.6m,1.0kg,エスパー,-,75,50,80,95,90,65,455,不定形,-,一般,ふゆう,-,-,3,-
アブソル,わざわいポケモン,1.2m,47.0kg,あく,-,65,130,60,75,60,75,465,陸上,-,一般,プレッシャー,きょううん,せいぎのこころ,3,通常
メガアブソル,わざわいポケモン,1.2m,49.0kg,あく,-,65,150,60,115,60,115,565,陸上,-,一般,マジックミラー,-,-,3,メガ進化
ソーナノ,ほがらかポケモン,0.6m,14.0kg,エスパー,-,95,23,48,23,48,23,260,タマゴ未発見,-,一般,かげふみ,-,テレパシー,3,-
ユキワラシ,ゆきかさポケモン,0.7m,16.8kg,こおり,-,50,50,50,50,50,50,300,妖精,鉱物,一般,せいしんりょく,アイスボディ,ムラっけ,3,-
オニゴーリ,がんめんポケモン,1.5m,256.5kg,こおり,-,80,80,80,80,80,80,480,妖精,鉱物,一般,せいしんりょく,アイスボディ,ムラっけ,3,通常
メガオニゴーリ,がんめんポケモン,2.1m,350.2kg,こおり,-,80,120,80,120,80,100,580,妖精,鉱物,一般,フリーズスキン,-,-,3,メガ進化
タマザラシ,てたたきポケモン,0.8m,39.5kg,こおり,みず,70,40,50,55,50,25,290,水中1,陸上,一般,あついしぼう,アイスボディ,どんかん,3,-
トドグラー,たままわしポケモン,1.1m,87.6kg,こおり,みず,90,60,70,75,70,45,410,水中1,陸上,一般,あついしぼう,アイスボディ,どんかん,3,-
トドゼルガ,こおりわりポケモン,1.4m,150.6kg,こおり,みず,110,80,90,95,90,65,530,水中1,陸上,一般,あついしぼう,アイスボディ,どんかん,3,-
パールル,2まいがいポケモン,0.4m,52.5kg,みず,-,35,64,85,74,55,32,345,水中1,-,一般,シェルアーマー,-,びびり,3,-
ハンテール,しんかいポケモン,1.7m,27.0kg,みず,-,55,104,105,94,75,52,485,水中1,-,一般,すいすい,-,みずのベール,3,-
サクラビス,なんかいポケモン,1.8m,22.6kg,みず,-,55,84,105,114,75,52,485,水中1,-,一般,すいすい,-,うるおいボディ,3,-
ジーランス,ちょうじゅポケモン,1.0m,23.4kg,みず,いわ,100,90,130,45,65,55,485,水中1,水中2,一般,すいすい,いしあたま,がんじょう,3,-
ラブカス,ランデブーポケモン,0.6m,8.7kg,みず,-,43,30,55,40,65,97,330,水中2,-,一般,すいすい,-,うるおいボディ,3,-
タツベイ,いしあたまポケモン,0.6m,42.1kg,ドラゴン,-,45,75,60,40,30,50,300,ドラゴン,-,一般,いしあたま,-,ちからずく,3,-
コモルー,にんたいポケモン,1.1m,110.5kg,ドラゴン,-,65,95,100,60,50,50,420,ドラゴン,-,一般,いしあたま,-,ぼうじん,3,-
ボーマンダ,ドラゴンポケモン,1.5m,102.6kg,ドラゴン,ひこう,95,135,80,110,80,100,600,ドラゴン,-,一般,いかく,-,じしんかじょう,3,通常
メガボーマンダ,ドラゴンポケモン,1.8m,112.6kg,ドラゴン,ひこう,95,145,130,120,90,120,700,ドラゴン,-,一般,スカイスキン,-,-,3,メガ進化
ダンバル,てっきゅうポケモン,0.6m,95.2kg,はがね,エスパー,40,55,80,35,60,30,300,鉱物 (性別不明),-,一般,クリアボディ,-,ライトメタル,3,-
メタング,てつツメポケモン,1.2m,202.5kg,はがね,エスパー,60,75,100,55,80,50,420,鉱物 (性別不明),-,一般,クリアボディ,-,ライトメタル,3,-
メタグロス,てつあしポケモン,1.6m,550.0kg,はがね,エスパー,80,135,130,95,90,70,600,鉱物 (性別不明),-,一般,クリアボディ,-,ライトメタル,3,通常
メガメタグロス,てつあしポケモン,2.5m,942.9kg,はがね,エスパー,80,145,150,105,110,110,700,鉱物 (性別不明),-,一般,かたいツメ,-,-,3,メガ進化
レジロック,いわやまポケモン,1.7m,230.0kg,いわ,-,80,100,200,50,100,50,580,タマゴ未発見,-,準伝説,クリアボディ,-,がんじょう,3,-
レジアイス,ひょうざんポケモン,1.8m,175.0kg,こおり,-,80,50,100,100,200,50,580,タマゴ未発見,-,準伝説,クリアボディ,-,アイスボディ,3,-
レジスチル,くろがねポケモン,1.9m,205.0kg,はがね,-,80,75,150,75,150,50,580,タマゴ未発見,-,準伝説,クリアボディ,-,ライトメタル,3,-
ラティアス,むげんポケモン,1.4m,40.0kg,ドラゴン,エスパー,80,80,90,110,130,110,600,タマゴ未発見,-,準伝説,ふゆう,-,-,3,通常
メガラティアス,むげんポケモン,1.8m,52.0kg,ドラゴン,エスパー,80,100,120,140,150,110,700,タマゴ未発見,-,準伝説,ふゆう,-,-,3,メガ進化
ラティオス,むげんポケモン,2.0m,60.0kg,ドラゴン,エスパー,80,90,80,130,110,110,600,タマゴ未発見,-,準伝説,ふゆう,-,-,3,通常
メガラティオス,むげんポケモン,2.3m,70.0kg,ドラゴン,エスパー,80,130,100,160,120,110,700,タマゴ未発見,-,準伝説,ふゆう,-,-,3,メガ進化
カイオーガ,かいていポケモン,4.5m,352.0kg,みず,-,100,100,90,150,140,90,670,タマゴ未発見,-,伝説,あめふらし,-,-,3,通常
ゲンシカイオーガ,かいていポケモン,9.8m,430.0kg,みず,-,100,150,90,180,160,90,770,タマゴ未発見,-,伝説,はじまりのうみ,-,-,3,ゲンシカイオーガ
グラードン,たいりくポケモン,3.5m,950.0kg,じめん,-,100,150,140,100,90,90,670,タマゴ未発見,-,伝説,ひでり,-,-,3,通常
ゲンシグラードン,たいりくポケモン,5.0m,999.7kg,じめん,ほのお,100,180,160,150,90,90,770,タマゴ未発見,-,伝説,おわりのだいち,-,-,3,ゲンシグラードン
レックウザ,てんくうポケモン,7.0m,206.5kg,ドラゴン,ひこう,105,150,90,150,90,95,680,タマゴ未発見,-,伝説,エアロック,-,-,3,通常
メガレックウザ,てんくうポケモン,10.8m,392.0kg,ドラゴン,ひこう,105,180,100,180,100,115,780,タマゴ未発見,-,伝説,デルタストリーム,-,-,3,メガ進化
ジラーチ,ねがいごとポケモン,0.3m,1.1kg,はがね,エスパー,100,100,100,100,100,100,600,タマゴ未発見,-,幻,てんのめぐみ,-,-,3,-
デオキシス,DNAポケモン,1.7m,60.8kg,エスパー,-,50,150,50,150,50,150,600,タマゴ未発見,-,幻,プレッシャー,-,-,3,ノーマルフォルム
デオキシス,DNAポケモン,1.7m,60.8kg,エスパー,-,50,180,20,180,20,150,600,タマゴ未発見,-,幻,プレッシャー,-,-,3,アタックフォルム
デオキシス,DNAポケモン,1.7m,60.8kg,エスパー,-,50,70,160,70,160,90,600,タマゴ未発見,-,幻,プレッシャー,-,-,3,ディフェンスフォルム
デオキシス,DNAポケモン,1.7m,60.8kg,エスパー,-,50,95,90,95,90,180,600,タマゴ未発見,-,幻,プレッシャー,-,-,3,スピードフォルム
ナエトル,わかばポケモン,0.4m,10.2kg,くさ,-,55,68,64,45,55,31,318,怪獣,植物,一般,しんりょく,-,シェルアーマー,4,-
ハヤシガメ,こだちポケモン,1.1m,97.0kg,くさ,-,75,89,85,55,65,36,405,怪獣,植物,一般,しんりょく,-,シェルアーマー,4,-
ドダイトス,たいりくポケモン,2.2m,310.0kg,くさ,じめん,95,109,105,75,85,56,525,怪獣,植物,一般,しんりょく,-,シェルアーマー,4,-
ヒコザル,こざるポケモン,0.5m,6.2kg,ほのお,-,44,58,44,58,44,61,309,陸上,人型,一般,もうか,-,てつのこぶし,4,-
モウカザル,やんちゃポケモン,0.9m,22.0kg,ほのお,かくとう,64,78,52,78,52,81,405,陸上,人型,一般,もうか,-,てつのこぶし,4,-
ゴウカザル,かえんポケモン,1.2m,55.0kg,ほのお,かくとう,76,104,71,104,71,108,534,陸上,人型,一般,もうか,-,てつのこぶし,4,-
ポッチャマ,ペンギンポケモン,0.4m,5.2kg,みず,-,53,51,53,61,56,40,314,水中1,陸上,一般,げきりゅう,-,まけんき,4,-
ポッタイシ,ペンギンポケモン,0.8m,23.0kg,みず,-,64,66,68,81,76,50,405,水中1,陸上,一般,げきりゅう,-,まけんき,4,-
エンペルト,こうていポケモン,1.7m,84.5kg,みず,はがね,84,86,88,111,101,60,530,水中1,陸上,一般,げきりゅう,-,まけんき,4,-
ムックル,むくどりポケモン,0.3m,2.0kg,ノーマル,ひこう,40,55,30,30,30,60,245,飛行,-,一般,するどいめ,-,すてみ,4,-
ムクバード,むくどりポケモン,0.6m,15.5kg,ノーマル,ひこう,55,75,50,40,40,80,340,飛行,-,一般,いかく,-,すてみ,4,-
ムクホーク,もうきんポケモン,1.2m,24.9kg,ノーマル,ひこう,85,120,70,50,60,100,485,飛行,-,一般,いかく,-,すてみ,4,-
ビッパ,まるねずみポケモン,0.5m,20.0kg,ノーマル,-,59,45,40,35,40,31,250,水中1,陸上,一般,たんじゅん,てんねん,ムラっけ,4,-
ビーダル,ビーバーポケモン,1.0m,31.5kg,ノーマル,みず,79,85,60,55,60,71,410,水中1,陸上,一般,たんじゅん,てんねん,ムラっけ,4,-
コロボーシ,こおろぎポケモン,0.3m,2.2kg,むし,-,37,25,41,25,41,25,194,虫,-,一般,だっぴ,-,にげあし,4,-
コロトック,こおろぎポケモン,1.0m,25.5kg,むし,-,77,85,51,55,51,65,384,虫,-,一般,むしのしらせ,-,テクニシャン,4,-
コリンク,せんこうポケモン,0.5m,9.5kg,でんき,-,45,65,34,40,34,45,263,陸上,-,一般,とうそうしん,いかく,こんじょう,4,-
ルクシオ,でんこうポケモン,0.9m,30.5kg,でんき,-,60,85,49,60,49,60,363,陸上,-,一般,とうそうしん,いかく,こんじょう,4,-
レントラー,がんこうポケモン,1.4m,42.0kg,でんき,-,80,120,79,95,79,70,523,陸上,-,一般,とうそうしん,いかく,こんじょう,4,-
スボミー,つぼみポケモン,0.2m,1.2kg,くさ,どく,40,30,35,50,70,55,280,タマゴ未発見,-,一般,しぜんかいふく,どくのトゲ,リーフガード,4,-
ロズレイド,ブーケポケモン,0.9m,14.5kg,くさ,どく,60,70,65,125,105,90,515,妖精,植物,一般,しぜんかいふく,どくのトゲ,テクニシャン,4,-
ズガイドス,ずつきポケモン,0.9m,31.5kg,いわ,-,67,125,40,30,30,58,350,怪獣,-,一般,かたやぶり,-,ちからずく,4,-
ラムパルド,ずつきポケモン,1.6m,102.5kg,いわ,-,97,165,60,65,50,58,495,怪獣,-,一般,かたやぶり,-,ちからずく,4,-
タテトプス,シールドポケモン,0.5m,57.0kg,いわ,はがね,30,42,118,42,88,30,350,怪獣,-,一般,がんじょう,-,ぼうおん,4,-
トリデプス,シールドポケモン,1.3m,149.5kg,いわ,はがね,60,52,168,47,138,30,495,怪獣,-,一般,がんじょう,-,ぼうおん,4,-
ミノムッチ,みのむしポケモン,0.2m,3.4kg,むし,-,40,29,45,29,45,36,224,虫,-,一般,だっぴ,-,ぼうじん,4,-
ミノマダム,みのむしポケモン,0.5m,6.5kg,むし,くさ,60,59,85,79,105,36,424,虫,-,一般,きけんよち,-,ぼうじん,4,くさきのミノ
ミノマダム,みのむしポケモン,0.5m,6.5kg,むし,じめん,60,79,105,59,85,36,424,虫,-,一般,きけんよち,-,ぼうじん,4,すなちのミノ
ミノマダム,みのむしポケモン,0.5m,6.5kg,むし,はがね,60,69,95,69,95,36,424,虫,-,一般,きけんよち,-,ぼうじん,4,ゴミのミノ
ガーメイル,ミノガポケモン,0.9m,23.3kg,むし,ひこう,70,94,50,94,50,66,424,虫,-,一般,むしのしらせ,-,いろめがね,4,-
ミツハニー,はちのこポケモン,0.3m,5.5kg,むし,ひこう,30,30,42,30,42,70,244,虫,-,一般,みつあつめ,-,はりきり,4,-
ビークイン,はちのすポケモン,1.2m,38.5kg,むし,ひこう,70,80,102,80,102,40,474,虫,-,一般,プレッシャー,-,きんちょうかん,4,-
パチリス,でんきりすポケモン,0.4m,3.9kg,でんき,-,60,45,70,45,90,95,405,陸上,妖精,一般,にげあし,ものひろい,ちくでん,4,-
ブイゼル,うみイタチポケモン,0.7m,29.5kg,みず,-,55,65,35,60,30,85,330,水中1,陸上,一般,すいすい,-,みずのベール,4,-
フローゼル,うみイタチポケモン,1.1m,33.5kg,みず,-,85,105,55,85,50,115,495,水中1,陸上,一般,すいすい,-,みずのベール,4,-
チェリンボ,さくらんぼポケモン,0.4m,3.3kg,くさ,-,45,35,45,62,53,35,275,妖精,植物,一般,ようりょくそ,-,-,4,-
チェリム,サクラポケモン,0.5m,9.3kg,くさ,-,70,60,70,87,78,85,450,妖精,植物,一般,フラワーギフト,-,-,4,-
カラナクシ,ウミウシポケモン,0.3m,6.3kg,みず,-,76,48,48,57,62,34,325,水中1,不定形,一般,ねんちゃく,よびみず,すなのちから,4,-
トリトドン,ウミウシポケモン,0.9m,29.9kg,みず,じめん,111,83,68,92,82,39,475,水中1,不定形,一般,ねんちゃく,よびみず,すなのちから,4,-
エテボース,おながポケモン,1.2m,20.3kg,ノーマル,-,75,100,66,60,66,115,482,陸上,-,一般,テクニシャン,ものひろい,スキルリンク,4,-
フワンテ,ふうせんポケモン,0.4m,1.2kg,ゴースト,ひこう,90,50,34,60,44,70,348,不定形,-,一般,ゆうばく,かるわざ,ねつぼうそう,4,-
フワライド,ききゅうポケモン,1.2m,15.0kg,ゴースト,ひこう,150,80,44,90,54,80,498,不定形,-,一般,ゆうばく,かるわざ,ねつぼうそう,4,-
ミミロル,うさぎポケモン,0.4m,5.5kg,ノーマル,-,55,66,44,44,56,85,350,陸上,人型,一般,にげあし,ぶきよう,じゅうなん,4,-
ミミロップ,うさぎポケモン,1.2m,33.3kg,ノーマル,-,65,76,84,54,96,105,480,陸上,人型,一般,メロメロボディ,ぶきよう,じゅうなん,4,通常
メガミミロップ,うさぎポケモン,1.3m,28.3kg,ノーマル,かくとう,65,136,94,54,96,135,580,陸上,人型,一般,きもったま,-,-,4,メガ進化
ムウマージ,マジカルポケモン,0.9m,4.4kg,ゴースト,-,60,60,60,105,105,105,495,不定形,-,一般,ふゆう,-,-,4,-
ドンカラス,おおボスポケモン,0.9m,27.3kg,あく,ひこう,100,125,52,105,52,71,505,飛行,-,一般,ふみん,きょううん,じしんかじょう,4,-
ニャルマー,ねこかぶりポケモン,0.5m,3.9kg,ノーマル,-,49,55,42,42,37,85,310,陸上,-,一般,じゅうなん,マイペース,するどいめ,4,-
ブニャット,とらねこポケモン,1.0m,43.8kg,ノーマル,-,71,82,64,64,59,112,452,陸上,-,一般,あついしぼう,マイペース,まけんき,4,-
リーシャン,すずポケモン,0.2m,0.6kg,エスパー,-,45,30,50,65,50,45,285,タマゴ未発見,-,一般,ふゆう,-,-,4,-
スカンプー,スカンクポケモン,0.4m,19.2kg,どく,あく,63,63,47,41,41,74,329,陸上,-,一般,あくしゅう,ゆうばく,するどいめ,4,-
スカタンク,スカンクポケモン,1.0m,38.0kg,どく,あく,103,93,67,71,61,84,479,陸上,-,一般,あくしゅう,ゆうばく,するどいめ,4,-
ドーミラー,せいどうポケモン,0.5m,60.5kg,はがね,エスパー,57,24,86,24,86,23,300,鉱物 (性別不明),-,一般,ふゆう,たいねつ,ヘヴィメタル,4,-
ドータクン,どうたくポケモン,1.3m,187.0kg,はがね,エスパー,67,89,116,79,116,33,500,鉱物 (性別不明),-,一般,ふゆう,たいねつ,ヘヴィメタル,4,-
ウソハチ,ぼんさいポケモン,0.5m,15.0kg,いわ,-,50,80,95,10,45,10,290,タマゴ未発見,-,一般,がんじょう,いしあたま,びびり,4,-
マネネ,マイムポケモン,0.6m,13.0kg,エスパー,フェアリー,20,25,45,70,90,60,310,タマゴ未発見,-,一般,ぼうおん,フィルター,テクニシャン,4,-
ピンプク,ままごとポケモン,0.6m,24.4kg,ノーマル,-,100,5,5,15,65,30,220,タマゴ未発見,-,一般,しぜんかいふく,てんのめぐみ,フレンドガード,4,-
ペラップ,おんぷポケモン,0.5m,1.9kg,ノーマル,ひこう,76,65,45,92,42,91,411,飛行,-,一般,するどいめ,ちどりあし,はとむね,4,-
ミカルゲ,ふういんポケモン,1.0m,108.0kg,ゴースト,あく,50,92,108,92,108,35,485,不定形,-,一般,プレッシャー,-,すりぬけ,4,-
フカマル,りくザメポケモン,0.7m,20.5kg,ドラゴン,じめん,58,70,45,40,45,42,300,怪獣,ドラゴン,一般,すながくれ,-,さめはだ,4,-
ガバイト,ほらあなポケモン,1.4m,56.0kg,ドラゴン,じめん,68,90,65,50,55,82,410,怪獣,ドラゴン,一般,すながくれ,-,さめはだ,4,-
ガブリアス,マッハポケモン,1.9m,95.0kg,ドラゴン,じめん,108,130,95,80,85,102,600,怪獣,ドラゴン,一般,すながくれ,-,さめはだ,4,通常
メガガブリアス,マッハポケモン,1.9m,95.0kg,ドラゴン,じめん,108,170,115,120,95,92,700,怪獣,ドラゴン,一般,すなのちから,-,-,4,メガ進化
ゴンベ,おおぐいポケモン,0.6m,105.0kg,ノーマル,-,135,85,40,40,85,5,390,タマゴ未発見,-,一般,ものひろい,あついしぼう,くいしんぼう,4,-
リオル,はもんポケモン,0.7m,20.2kg,かくとう,-,40,70,40,35,40,60,285,タマゴ未発見,-,一般,ふくつのこころ,せいしんりょく,いたずらごころ,4,-
ルカリオ,はどうポケモン,1.2m,54.0kg,かくとう,はがね,70,110,70,115,70,90,525,陸上,人型,一般,ふくつのこころ,せいしんりょく,せいぎのこころ,4,通常
メガルカリオ,はどうポケモン,1.3m,57.5kg,かくとう,はがね,70,145,88,140,70,112,625,陸上,人型,一般,てきおうりょく,-,-,4,メガ進化
ヒポポタス,カバポケモン,0.8m,49.5kg,じめん,-,68,72,78,38,42,32,330,陸上,-,一般,すなおこし,-,すなのちから,4,-
カバルドン,じゅうりょうポケモン,2.0m,300.0kg,じめん,-,108,112,118,68,72,47,525,陸上,-,一般,すなおこし,-,すなのちから,4,-
スコルピ,さそりポケモン,0.8m,12.0kg,どく,むし,40,50,90,30,55,65,330,虫,水中3,一般,カブトアーマー,スナイパー,するどいめ,4,-
ドラピオン,ばけさそりポケモン,1.3m,61.5kg,どく,あく,70,90,110,60,75,95,500,虫,水中3,一般,カブトアーマー,スナイパー,するどいめ,4,-
グレッグル,どくづきポケモン,0.7m,23.0kg,どく,かくとう,48,61,40,61,40,50,300,人型,-,一般,きけんよち,かんそうはだ,どくしゅ,4,-
ドクロッグ,どくづきポケモン,1.3m,44.4kg,どく,かくとう,83,106,65,86,65,85,490,人型,-,一般,きけんよち,かんそうはだ,どくしゅ,4,-
マスキッパ,むしとりポケモン,1.4m,27.0kg,くさ,-,74,100,72,90,72,46,454,植物,-,一般,ふゆう,-,-,4,-
ケイコウオ,はねうおポケモン,0.4m,7.0kg,みず,-,49,49,56,49,61,66,330,水中2,-,一般,すいすい,よびみず,みずのベール,4,-
ネオラント,ネオンポケモン,1.2m,24.0kg,みず,-,69,69,76,69,86,91,460,水中2,-,一般,すいすい,よびみず,みずのベール,4,-
タマンタ,カイトポケモン,1.0m,65.0kg,みず,ひこう,45,20,50,60,120,50,345,タマゴ未発見,-,一般,すいすい,ちょすい,みずのベール,4,-
ユキカブリ,じゅひょうポケモン,1.0m,50.5kg,くさ,こおり,60,62,50,62,60,40,334,怪獣,植物,一般,ゆきふらし,-,ぼうおん,4,-
ユキノオー,じゅひょうポケモン,2.2m,135.5kg,くさ,こおり,90,92,75,92,85,60,494,怪獣,植物,一般,ゆきふらし,-,ぼうおん,4,通常
メガユキノオー,じゅひょうポケモン,2.7m,185.0kg,くさ,こおり,90,132,105,132,105,30,594,怪獣,植物,一般,ゆきふらし,-,-,4,メガ進化
マニューラ,かぎづめポケモン,1.1m,34.0kg,あく,こおり,70,120,65,45,85,125,510,陸上,-,一般,プレッシャー,-,わるいてぐせ,4,-
ジバコイル,じばポケモン,1.2m,180.0kg,でんき,はがね,70,70,115,130,90,60,535,鉱物 (性別不明),-,一般,じりょく,がんじょう,アナライズ,4,-
ベロベルト,なめまわしポケモン,1.7m,140.0kg,ノーマル,-,110,85,95,80,95,50,515,怪獣,-,一般,マイペース,どんかん,ノーてんき,4,-
ドサイドン,ドリルポケモン,2.4m,282.8kg,じめん,いわ,115,140,130,55,55,40,535,怪獣,陸上,一般,ひらいしん,ハードロック,すてみ,4,-
モジャンボ,ツルじょうポケモン,2.0m,128.6kg,くさ,-,100,100,125,110,50,50,535,植物,-,一般,ようりょくそ,リーフガード,さいせいりょく,4,-
エレキブル,らいでんポケモン,1.8m,138.6kg,でんき,-,75,123,67,95,85,95,540,人型,-,一般,でんきエンジン,-,やるき,4,-
ブーバーン,ばくえんポケモン,1.6m,68.0kg,ほのお,-,75,95,67,125,95,83,540,人型,-,一般,ほのおのからだ,-,やるき,4,-
トゲキッス,しゅくふくポケモン,1.5m,38.0kg,フェアリー,ひこう,85,50,95,120,115,80,545,飛行,妖精,一般,はりきり,てんのめぐみ,きょううん,4,-
メガヤンマ,オニトンボポケモン,1.9m,51.5kg,むし,ひこう,86,76,86,116,56,95,515,虫,-,一般,かそく,いろめがね,おみとおし,4,-
リーフィア,しんりょくポケモン,1.0m,25.5kg,くさ,-,65,110,130,60,65,95,525,陸上,-,一般,リーフガード,-,ようりょくそ,4,-
グレイシア,しんせつポケモン,0.8m,25.9kg,こおり,-,65,60,110,130,95,65,525,陸上,-,一般,ゆきがくれ,-,アイスボディ,4,-
グライオン,キバさそりポケモン,2.0m,42.5kg,じめん,ひこう,75,95,125,45,75,95,510,虫,-,一般,かいりきバサミ,すながくれ,ポイズンヒール,4,-
マンムー,2ほんキバポケモン,2.5m,291.0kg,こおり,じめん,110,130,80,70,60,80,530,陸上,-,一般,どんかん,ゆきがくれ,あついしぼう,4,-
ポリゴンZ,バーチャルポケモン,0.9m,34.0kg,ノーマル,-,85,80,70,135,75,90,535,鉱物 (性別不明),-,一般,てきおうりょく,ダウンロード,アナライズ,4,-
エルレイド,やいばポケモン,1.6m,52.0kg,エスパー,かくとう,68,125,65,65,115,80,518,不定形,-,一般,ふくつのこころ,-,せいぎのこころ,4,通常
メガエルレイド,やいばポケモン,1.6m,56.4kg,エスパー,かくとう,68,165,95,65,115,110,618,不定形,-,一般,せいしんりょく,-,-,4,メガ進化
ダイノーズ,コンパスポケモン,1.4m,340.0kg,いわ,はがね,60,55,145,75,150,40,525,鉱物,-,一般,がんじょう,じりょく,すなのちから,4,-
ヨノワール,てづかみポケモン,2.2m,106.6kg,ゴースト,-,45,100,135,65,135,45,525,不定形,-,一般,プレッシャー,-,おみとおし,4,-
ユキメノコ,ゆきぐにポケモン,1.3m,26.6kg,こおり,ゴースト,70,80,70,80,70,110,480,妖精,鉱物,一般,ゆきがくれ,-,のろわれボディ,4,-
ロトム,プラズマポケモン,0.3m,0.3kg,でんき,ゴースト,50,50,77,95,77,91,440,不定形 (性別不明),-,一般,ふゆう,-,-,4,通常
ロトム,プラズマポケモン,0.3m,0.3kg,でんき,ほのお,50,65,107,105,107,86,520,不定形 (性別不明),-,一般,ふゆう,-,-,4,ヒート
ロトム,プラズマポケモン,0.3m,0.3kg,でんき,みず,50,65,107,105,107,86,520,不定形 (性別不明),-,一般,ふゆう,-,-,4,ウォッシュ
ロトム,プラズマポケモン,0.3m,0.3kg,でんき,こおり,50,65,107,105,107,86,520,不定形 (性別不明),-,一般,ふゆう,-,-,4,フロスト
ロトム,プラズマポケモン,0.3m,0.3kg,でんき,ひこう,50,65,107,105,107,86,520,不定形 (性別不明),-,一般,ふゆう,-,-,4,スピン
ロトム,プラズマポケモン,0.3m,0.3kg,でんき,くさ,50,65,107,105,107,86,520,不定形 (性別不明),-,一般,ふゆう,-,-,4,カット
ユクシー,ちしきポケモン,0.3m,0.3kg,エスパー,-,75,75,130,75,130,95,580,タマゴ未発見,-,準伝説,ふゆう,-,-,4,-
エムリット,かんじょうポケモン,0.3m,0.3kg,エスパー,-,80,105,105,105,105,80,580,タマゴ未発見,-,準伝説,ふゆう,-,-,4,-
アグノム,いしポケモン,0.3m,0.3kg,エスパー,-,75,125,70,125,70,115,580,タマゴ未発見,-,準伝説,ふゆう,-,-,4,-
ディアルガ,じかんポケモン,5.4m,683.0kg,はがね,ドラゴン,100,120,120,150,100,90,680,タマゴ未発見,-,伝説,プレッシャー,-,テレパシー,4,-
パルキア,くうかんポケモン,4.2m,336.0kg,みず,ドラゴン,90,120,100,150,120,100,680,タマゴ未発見,-,伝説,プレッシャー,-,テレパシー,4,-
ヒードラン,かこうポケモン,1.7m,430.0kg,ほのお,はがね,91,90,106,130,106,77,600,タマゴ未発見,-,準伝説,もらいび,-,ほのおのからだ,4,-
レジギガス,きょだいポケモン,3.7m,420.0kg,ノーマル,-,110,160,110,80,110,100,670,タマゴ未発見,-,準伝説,スロースタート,-,-,4,-
ギラティナ,はんこつポケモン,4.5m,750.0kg,ゴースト,ドラゴン,150,100,120,100,120,90,680,タマゴ未発見,-,伝説,プレッシャー,-,テレパシー,4,アナザーフォルム
ギラティナ,はんこつポケモン,6.9m,650.0kg,ゴースト,ドラゴン,150,120,100,120,100,90,680,タマゴ未発見,-,伝説,ふゆう,-,-,4,オリジンフォルム
クレセリア,みかづきポケモン,1.5m,85.6kg,エスパー,-,120,70,120,75,130,85,600,タマゴ未発見,-,準伝説,ふゆう,-,-,4,-
フィオネ,かいようポケモン,0.4m,3.1kg,みず,-,80,80,80,80,80,80,480,水中1,妖精 (性別不明),幻,うるおいボディ,-,-,4,-
マナフィ,かいゆうポケモン,0.3m,1.4kg,みず,-,100,100,100,100,100,100,600,水中1,妖精 (性別不明),幻,うるおいボディ,-,-,4,-
ダークライ,あんこくポケモン,1.5m,50.5kg,あく,-,70,90,90,135,90,125,600,タマゴ未発見,-,幻,ナイトメア,-,-,4,-
シェイミ,かんしゃポケモン,0.2m,2.1kg,くさ,-,100,100,100,100,100,100,600,タマゴ未発見,-,幻,しぜんかいふく,-,-,4,ランドフォルム
シェイミ,かんしゃポケモン,0.4m,5.2kg,くさ,ひこう,100,103,75,120,75,127,600,タマゴ未発見,-,幻,てんのめぐみ,-,-,4,スカイフォルム
アルセウス,そうぞうポケモン,3.2m,320.0kg,ノーマル,-,120,120,120,120,120,120,720,タマゴ未発見,-,幻,マルチタイプ,-,-,4,-
ビクティニ,しょうりポケモン,0.4m,4.0kg,エスパー,ほのお,100,100,100,100,100,100,600,タマゴ未発見,-,幻,しょうりのほし,-,-,5,-
ツタージャ,くさへびポケモン,0.6m,8.1kg,くさ,-,45,45,55,45,55,63,308,陸上,植物,一般,しんりょく,-,あまのじゃく,5,-
ジャノビー,くさへびポケモン,0.8m,16.0kg,くさ,-,60,60,75,60,75,83,413,陸上,植物,一般,しんりょく,-,あまのじゃく,5,-
ジャローダ,ロイヤルポケモン,3.3m,63.0kg,くさ,-,75,75,95,75,95,113,528,陸上,植物,一般,しんりょく,-,あまのじゃく,5,-
ポカブ,ひぶたポケモン,0.5m,9.9kg,ほのお,-,65,63,45,45,45,45,308,陸上,-,一般,もうか,-,あついしぼう,5,-
チャオブー,ひぶたポケモン,1.0m,55.5kg,ほのお,かくとう,90,93,55,70,55,55,418,陸上,-,一般,もうか,-,あついしぼう,5,-
エンブオー,おおひぶたポケモン,1.6m,150.0kg,ほのお,かくとう,110,123,65,100,65,65,528,陸上,-,一般,もうか,-,すてみ,5,-
ミジュマル,ラッコポケモン,0.5m,5.9kg,みず,-,55,55,45,63,45,45,308,陸上,-,一般,げきりゅう,-,シェルアーマー,5,-
フタチマル,しゅぎょうポケモン,0.8m,24.5kg,みず,-,75,75,60,83,60,60,413,陸上,-,一般,げきりゅう,-,シェルアーマー,5,-
ダイケンキ,かんろくポケモン,1.5m,94.6kg,みず,-,95,100,85,108,70,70,528,陸上,-,一般,げきりゅう,-,シェルアーマー,5,-
ミネズミ,みはりポケモン,0.5m,11.6kg,ノーマル,-,45,55,39,35,39,42,255,陸上,-,一般,にげあし,するどいめ,アナライズ,5,-
ミルホッグ,けいかいポケモン,1.1m,27.0kg,ノーマル,-,60,85,69,60,69,77,420,陸上,-,一般,はっこう,するどいめ,アナライズ,5,-
ヨーテリー,こいぬポケモン,0.4m,4.1kg,ノーマル,-,45,60,45,25,45,55,275,陸上,-,一般,やるき,ものひろい,にげあし,5,-
ハーデリア,ちゅうけんポケモン,0.9m,14.7kg,ノーマル,-,65,80,65,35,65,60,370,陸上,-,一般,いかく,すなかき,きもったま,5,-
ムーランド,かんだいポケモン,1.2m,61.0kg,ノーマル,-,85,110,90,45,90,80,500,陸上,-,一般,いかく,すなかき,きもったま,5,-
チョロネコ,しょうわるポケモン,0.4m,10.1kg,あく,-,41,50,37,50,37,66,281,陸上,-,一般,じゅうなん,かるわざ,いたずらごころ,5,-
レパルダス,れいこくポケモン,1.1m,37.5kg,あく,-,64,88,50,88,50,106,446,陸上,-,一般,じゅうなん,かるわざ,いたずらごころ,5,-
ヤナップ,くさざるポケモン,0.6m,10.5kg,くさ,-,50,53,48,53,48,64,316,陸上,-,一般,くいしんぼう,-,しんりょく,5,-
ヤナッキー,とげざるポケモン,1.1m,30.5kg,くさ,-,75,98,63,98,63,101,498,陸上,-,一般,くいしんぼう,-,しんりょく,5,-
バオップ,こうおんポケモン,0.6m,11.0kg,ほのお,-,50,53,48,53,48,64,316,陸上,-,一般,くいしんぼう,-,もうか,5,-
バオッキー,ひのこポケモン,1.0m,28.0kg,ほのお,-,75,98,63,98,63,101,498,陸上,-,一般,くいしんぼう,-,もうか,5,-
ヒヤップ,みずかけポケモン,0.6m,13.5kg,みず,-,50,53,48,53,48,64,316,陸上,-,一般,くいしんぼう,-,げきりゅう,5,-
ヒヤッキー,ほうすいポケモン,1.0m,29.0kg,みず,-,75,98,63,98,63,101,498,陸上,-,一般,くいしんぼう,-,げきりゅう,5,-
ムンナ,ゆめくいポケモン,0.6m,23.3kg,エスパー,-,76,25,45,67,55,24,292,陸上,-,一般,よちむ,シンクロ,テレパシー,5,-
ムシャーナ,ゆめうつつポケモン,1.1m,60.5kg,エスパー,-,116,55,85,107,95,29,487,陸上,-,一般,よちむ,シンクロ,テレパシー,5,-
マメパト,こばとポケモン,0.3m,2.1kg,ノーマル,ひこう,50,55,50,36,30,43,264,飛行,-,一般,はとむね,きょううん,とうそうしん,5,-
ハトーボー,のばとポケモン,0.6m,15.0kg,ノーマル,ひこう,62,77,62,50,42,65,358,飛行,-,一般,はとむね,きょううん,とうそうしん,5,-
ケンホロウ,プライドポケモン,1.2m,29.0kg,ノーマル,ひこう,80,115,80,65,55,93,488,飛行,-,一般,はとむね,きょううん,とうそうしん,5,-
シママ,たいでんポケモン,0.8m,29.8kg,でんき,-,45,60,32,50,32,76,295,陸上,-,一般,ひらいしん,でんきエンジン,そうしょく,5,-
ゼブライカ,らいでんポケモン,1.6m,79.5kg,でんき,-,75,100,63,80,63,116,497,陸上,-,一般,ひらいしん,でんきエンジン,そうしょく,5,-
ダンゴロ,マントルポケモン,0.4m,18.0kg,いわ,-,55,75,85,25,25,15,280,鉱物,-,一般,がんじょう,くだけるよろい,すなのちから,5,-
ガントル,こうせきポケモン,0.9m,102.0kg,いわ,-,70,105,105,50,40,20,390,鉱物,-,一般,がんじょう,くだけるよろい,すなのちから,5,-
ギガイアス,こうあつポケモン,1.7m,260.0kg,いわ,-,85,135,130,60,80,25,515,鉱物,-,一般,がんじょう,すなおこし,すなのちから,5,-
コロモリ,こうもりポケモン,0.4m,2.1kg,エスパー,ひこう,65,45,43,55,43,72,323,陸上,飛行,一般,てんねん,ぶきよう,たんじゅん,5,-
ココロモリ,きゅうあいポケモン,0.9m,10.5kg,エスパー,ひこう,67,57,55,77,55,114,425,陸上,飛行,一般,てんねん,ぶきよう,たんじゅん,5,-
モグリュー,もぐらポケモン,0.3m,8.5kg,じめん,-,60,85,40,30,45,68,328,陸上,-,一般,すなかき,すなのちから,かたやぶり,5,-
ドリュウズ,ちていポケモン,0.7m,40.4kg,じめん,はがね,110,135,60,50,65,88,508,陸上,-,一般,すなかき,すなのちから,かたやぶり,5,-
タブンネ,ヒヤリングポケモン,1.1m,31.0kg,ノーマル,-,103,60,86,60,86,50,445,妖精,-,一般,いやしのこころ,さいせいりょく,ぶきよう,5,通常
メガタブンネ,ヒヤリングポケモン,1.5m,32.0kg,ノーマル,フェアリー,103,60,126,80,126,50,545,妖精,-,一般,いやしのこころ,-,-,5,メガ進化
ドッコラー,きんこつポケモン,0.6m,12.5kg,かくとう,-,75,80,55,25,35,35,305,人型,-,一般,こんじょう,ちからずく,てつのこぶし,5,-
ドテッコツ,きんこつポケモン,1.2m,40.0kg,かくとう,-,85,105,85,40,50,40,405,人型,-,一般,こんじょう,ちからずく,てつのこぶし,5,-
ローブシン,きんこつポケモン,1.4m,87.0kg,かくとう,-,105,140,95,55,65,45,505,人型,-,一般,こんじょう,ちからずく,てつのこぶし,5,-
オタマロ,おたまポケモン,0.5m,4.5kg,みず,-,50,50,40,50,40,64,294,水中1,-,一般,すいすい,うるおいボディ,ちょすい,5,-
ガマガル,しんどうポケモン,0.8m,17.0kg,みず,じめん,75,65,55,65,55,69,384,水中1,-,一般,すいすい,うるおいボディ,ちょすい,5,-
ガマゲロゲ,しんどうポケモン,1.5m,62.0kg,みず,じめん,105,95,75,85,75,74,509,水中1,-,一般,すいすい,どくしゅ,ちょすい,5,-
ナゲキ,じゅうどうポケモン,1.3m,55.5kg,かくとう,-,120,100,85,30,85,45,465,人型,-,一般,こんじょう,せいしんりょく,かたやぶり,5,-
ダゲキ,からてポケモン,1.4m,51.0kg,かくとう,-,75,125,75,30,75,85,465,人型,-,一般,がんじょう,せいしんりょく,かたやぶり,5,-
クルミル,さいほうポケモン,0.3m,2.5kg,むし,くさ,45,53,70,40,60,42,310,虫,-,一般,むしのしらせ,ようりょくそ,ぼうじん,5,-
クルマユ,はごもりポケモン,0.5m,7.3kg,むし,くさ,55,63,90,50,80,42,380,虫,-,一般,リーフガード,ようりょくそ,ぼうじん,5,-
ハハコモリ,こそだてポケモン,1.2m,20.5kg,むし,くさ,75,103,80,70,80,92,500,虫,-,一般,むしのしらせ,ようりょくそ,ぼうじん,5,-
フシデ,ムカデポケモン,0.4m,5.3kg,むし,どく,30,45,59,30,39,57,260,虫,-,一般,どくのトゲ,むしのしらせ,かそく,5,-
ホイーガ,まゆムカデポケモン,1.2m,58.5kg,むし,どく,40,55,99,40,79,47,360,虫,-,一般,どくのトゲ,むしのしらせ,かそく,5,-
ペンドラー,メガムカデポケモン,2.5m,200.5kg,むし,どく,60,100,89,55,69,112,485,虫,-,一般,どくのトゲ,むしのしらせ,かそく,5,-
モンメン,わたたまポケモン,0.3m,0.6kg,くさ,フェアリー,40,27,60,37,50,66,280,植物,妖精,一般,いたずらごころ,すりぬけ,ようりょくそ,5,-
エルフーン,かぜかくれポケモン,0.7m,6.6kg,くさ,フェアリー,60,67,85,77,75,116,480,植物,妖精,一般,いたずらごころ,すりぬけ,ようりょくそ,5,-
チュリネ,ねっこポケモン,0.5m,6.6kg,くさ,-,45,35,50,70,50,30,280,植物,-,一般,ようりょくそ,マイペース,リーフガード,5,-
ドレディア,はなかざりポケモン,1.1m,16.3kg,くさ,-,70,60,75,110,75,90,480,植物,-,一般,ようりょくそ,マイペース,リーフガード,5,-
バスラオ,らんぼうポケモン,1.0m,18.0kg,みず,-,70,92,65,80,55,98,460,水中2,-,一般,すてみ,てきおうりょく,かたやぶり,5,通常
バスラオ,らんぼうポケモン,1.0m,18.0kg,みず,-,70,92,65,80,55,98,460,水中2,-,一般,いしあたま,てきおうりょく,かたやぶり,5,あおすじ
メグロコ,さばくワニポケモン,0.7m,15.2kg,じめん,あく,50,72,35,35,35,65,292,陸上,-,一般,いかく,じしんかじょう,いかりのつぼ,5,-
ワルビル,さばくワニポケモン,1.0m,33.4kg,じめん,あく,60,82,45,45,45,74,351,陸上,-,一般,いかく,じしんかじょう,いかりのつぼ,5,-
ワルビアル,いかくポケモン,1.5m,96.3kg,じめん,あく,95,117,80,65,70,92,519,陸上,-,一般,いかく,じしんかじょう,いかりのつぼ,5,-
ダルマッカ,だるまポケモン,0.6m,37.5kg,ほのお,-,70,90,45,15,45,50,315,陸上,-,一般,はりきり,-,せいしんりょく,5,-
ヒヒダルマ,えんじょうポケモン,1.3m,92.9kg,ほのお,-,105,140,55,30,55,95,480,陸上,-,一般,ちからずく,-,ダルマモード,5,通常
ヒヒダルマ,えんじょうポケモン,1.3m,92.9kg,ほのお,エスパー,105,30,105,140,105,55,540,陸上,-,一般,ちからずく,-,ダルマモード,5,ダルマモード
マラカッチ,サボテンポケモン,1.0m,28.0kg,くさ,-,75,86,67,106,67,60,461,植物,-,一般,ちょすい,ようりょくそ,よびみず,5,-
イシズマイ,いしやどポケモン,0.3m,14.5kg,むし,いわ,50,65,85,35,35,55,325,虫,鉱物,一般,がんじょう,シェルアーマー,くだけるよろい,5,-
イワパレス,いわやどポケモン,1.4m,200.0kg,むし,いわ,70,105,125,65,75,45,485,虫,鉱物,一般,がんじょう,シェルアーマー,くだけるよろい,5,-
ズルッグ,だっぴポケモン,0.6m,11.8kg,あく,かくとう,50,75,70,35,70,48,348,陸上,ドラゴン,一般,だっぴ,じしんかじょう,いかく,5,-
ズルズキン,あくとうポケモン,1.1m,30.0kg,あく,かくとう,65,90,115,45,115,58,488,陸上,ドラゴン,一般,だっぴ,じしんかじょう,いかく,5,-
シンボラー,とりもどきポケモン,1.4m,14.0kg,エスパー,ひこう,72,58,80,103,80,97,490,飛行,-,一般,ミラクルスキン,マジックガード,いろめがね,5,-
デスマス,たましいポケモン,0.5m,1.5kg,ゴースト,-,38,30,85,55,65,30,303,鉱物,不定形,一般,ミイラ,-,-,5,-
デスカーン,かんおけポケモン,1.7m,76.5kg,ゴースト,-,58,50,145,95,105,30,483,鉱物,不定形,一般,ミイラ,-,-,5,-
プロトーガ,こだいがめポケモン,0.7m,16.5kg,みず,いわ,54,78,103,53,45,22,355,水中1,水中3,一般,ハードロック,がんじょう,すいすい,5,-
アバゴーラ,こだいがめポケモン,1.2m,81.0kg,みず,いわ,74,108,133,83,65,32,495,水中1,水中3,一般,ハードロック,がんじょう,すいすい,5,-
アーケン,さいこどりポケモン,0.5m,9.5kg,いわ,ひこう,55,112,45,74,45,70,401,飛行,水中3,一般,よわき,-,-,5,-
アーケオス,さいこどりポケモン,1.4m,32.0kg,いわ,ひこう,75,140,65,112,65,110,567,飛行,水中3,一般,よわき,-,-,5,-
ヤブクロン,ゴミぶくろポケモン,0.6m,31.0kg,どく,-,50,50,62,40,62,65,329,鉱物,-,一般,あくしゅう,ねんちゃく,ゆうばく,5,-
ダストダス,ゴミすてばポケモン,1.9m,107.3kg,どく,-,80,95,82,60,82,75,474,鉱物,-,一般,あくしゅう,くだけるよろい,ゆうばく,5,-
ゾロア,わるぎつねポケモン,0.7m,12.5kg,あく,-,40,65,40,80,40,65,330,陸上,-,一般,イリュージョン,-,-,5,-
ゾロアーク,ばけぎつねポケモン,1.6m,81.1kg,あく,-,60,105,60,120,60,105,510,陸上,-,一般,イリュージョン,-,-,5,-
チラーミィ,チンチラポケモン,0.4m,5.8kg,ノーマル,-,55,50,40,40,40,75,300,陸上,-,一般,メロメロボディ,テクニシャン,スキルリンク,5,-
チラチーノ,スカーフポケモン,0.5m,7.5kg,ノーマル,-,75,95,60,65,60,115,470,陸上,-,一般,メロメロボディ,テクニシャン,スキルリンク,5,-
ゴチム,ぎょうしポケモン,0.4m,5.8kg,エスパー,-,45,30,50,55,65,45,290,人型,-,一般,おみとおし,かちき,かげふみ,5,-
ゴチミル,あやつりポケモン,0.7m,18.0kg,エスパー,-,60,45,70,75,85,55,390,人型,-,一般,おみとおし,かちき,かげふみ,5,-
ゴチルゼル,てんたいポケモン,1.5m,44.0kg,エスパー,-,70,55,95,95,110,65,490,人型,-,一般,おみとおし,かちき,かげふみ,5,-
ユニラン,さいぼうポケモン,0.3m,1.0kg,エスパー,-,45,30,40,105,50,20,290,不定形,-,一般,ぼうじん,マジックガード,さいせいりょく,5,-
ダブラン,ぶんかつポケモン,0.6m,8.0kg,エスパー,-,65,40,50,125,60,30,370,不定形,-,一般,ぼうじん,マジックガード,さいせいりょく,5,-
ランクルス,ぞうふくポケモン,1.0m,20.1kg,エスパー,-,110,65,75,125,85,30,490,不定形,-,一般,ぼうじん,マジックガード,さいせいりょく,5,-
コアルヒー,みずどりポケモン,0.5m,5.5kg,みず,ひこう,62,44,50,44,50,55,305,水中1,飛行,一般,するどいめ,はとむね,うるおいボディ,5,-
スワンナ,しらとりポケモン,1.3m,24.2kg,みず,ひこう,75,87,63,87,63,98,473,水中1,飛行,一般,するどいめ,はとむね,うるおいボディ,5,-
バニプッチ,しんせつポケモン,0.4m,5.7kg,こおり,-,36,50,50,65,60,44,305,鉱物,-,一般,アイスボディ,ゆきがくれ,くだけるよろい,5,-
バニリッチ,ひょうせつポケモン,1.1m,41.0kg,こおり,-,51,65,65,80,75,59,395,鉱物,-,一般,アイスボディ,ゆきがくれ,くだけるよろい,5,-
バイバニラ,ブリザードポケモン,1.3m,57.5kg,こおり,-,71,95,85,110,95,79,535,鉱物,-,一般,アイスボディ,ゆきふらし,くだけるよろい,5,-
シキジカ,きせつポケモン,0.6m,19.5kg,ノーマル,くさ,60,60,50,40,50,75,335,陸上,-,一般,ようりょくそ,そうしょく,てんのめぐみ,5,-
メブキジカ,きせつポケモン,1.9m,92.5kg,ノーマル,くさ,80,100,70,60,70,95,475,陸上,-,一般,ようりょくそ,そうしょく,てんのめぐみ,5,-
エモンガ,モモンガポケモン,0.4m,5.0kg,でんき,ひこう,55,75,60,75,60,103,428,陸上,-,一般,せいでんき,-,でんきエンジン,5,-
カブルモ,かぶりつきポケモン,0.5m,5.9kg,むし,-,50,75,45,40,45,60,315,虫,-,一般,むしのしらせ,だっぴ,ノーガード,5,-
シュバルゴ,きへいポケモン,1.0m,33.0kg,むし,はがね,70,135,105,60,105,20,495,虫,-,一般,むしのしらせ,シェルアーマー,ぼうじん,5,-
タマゲタケ,きのこポケモン,0.2m,1.0kg,くさ,どく,69,55,45,55,55,15,294,植物,-,一般,ほうし,-,さいせいりょく,5,-
モロバレル,きのこポケモン,0.6m,10.5kg,くさ,どく,114,85,70,85,80,30,464,植物,-,一般,ほうし,-,さいせいりょく,5,-
プルリル,ふゆうポケモン,1.2m,33.0kg,みず,ゴースト,55,40,50,65,85,40,335,不定形,-,一般,ちょすい,のろわれボディ,しめりけ,5,-
ブルンゲル,ふゆうポケモン,2.2m,135.0kg,みず,ゴースト,100,60,70,85,105,60,480,不定形,-,一般,ちょすい,のろわれボディ,しめりけ,5,-
ママンボウ,かいほうポケモン,1.2m,31.6kg,みず,-,165,75,80,40,45,65,470,水中1,水中2,一般,いやしのこころ,うるおいボディ,さいせいりょく,5,-
バチュル,くっつきポケモン,0.1m,0.6kg,むし,でんき,50,47,50,57,50,65,319,虫,-,一般,ふくがん,きんちょうかん,むしのしらせ,5,-
デンチュラ,でんきグモポケモン,0.8m,14.3kg,むし,でんき,70,77,60,97,60,108,472,虫,-,一般,ふくがん,きんちょうかん,むしのしらせ,5,-
テッシード,とげのみポケモン,0.6m,18.8kg,くさ,はがね,44,50,91,24,86,10,305,植物,鉱物,一般,てつのトゲ,-,-,5,-
ナットレイ,とげだまポケモン,1.0m,110.0kg,くさ,はがね,74,94,131,54,116,20,489,植物,鉱物,一般,てつのトゲ,-,きけんよち,5,-
ギアル,はぐるまポケモン,0.3m,21.0kg,はがね,-,40,55,70,45,60,30,300,鉱物 (性別不明),-,一般,プラス,マイナス,クリアボディ,5,-
ギギアル,はぐるまポケモン,0.6m,51.0kg,はがね,-,60,80,95,70,85,50,440,鉱物 (性別不明),-,一般,プラス,マイナス,クリアボディ,5,-
ギギギアル,はぐるまポケモン,0.6m,81.0kg,はがね,-,60,100,115,70,85,90,520,鉱物 (性別不明),-,一般,プラス,マイナス,クリアボディ,5,-
シビシラス,でんきうおポケモン,0.2m,0.3kg,でんき,-,35,55,40,45,40,60,275,不定形,-,一般,ふゆう,-,-,5,-
シビビール,でんきうおポケモン,1.2m,22.0kg,でんき,-,65,85,70,75,70,40,405,不定形,-,一般,ふゆう,-,-,5,-
シビルドン,でんきうおポケモン,2.1m,80.5kg,でんき,-,85,115,80,105,80,50,515,不定形,-,一般,ふゆう,-,-,5,-
リグレー,ブレインポケモン,0.5m,9.0kg,エスパー,-,55,55,55,85,55,30,335,人型,-,一般,テレパシー,シンクロ,アナライズ,5,-
オーベム,ブレインポケモン,1.0m,34.5kg,エスパー,-,75,75,75,125,95,40,485,人型,-,一般,テレパシー,シンクロ,アナライズ,5,-
ヒトモシ,ろうそくポケモン,0.3m,3.1kg,ゴースト,ほのお,50,30,55,65,55,20,275,不定形,-,一般,もらいび,ほのおのからだ,すりぬけ,5,-
ランプラー,ランプポケモン,0.6m,13.0kg,ゴースト,ほのお,60,40,60,95,60,55,370,不定形,-,一般,もらいび,ほのおのからだ,すりぬけ,5,-
シャンデラ,いざないポケモン,1.0m,34.3kg,ゴースト,ほのお,60,55,90,145,90,80,520,不定形,-,一般,もらいび,ほのおのからだ,すりぬけ,5,-
キバゴ,キバポケモン,0.6m,18.0kg,ドラゴン,-,46,87,60,30,40,57,320,怪獣,ドラゴン,一般,とうそうしん,かたやぶり,きんちょうかん,5,-
オノンド,あごオノポケモン,1.0m,36.0kg,ドラゴン,-,66,117,70,40,50,67,410,怪獣,ドラゴン,一般,とうそうしん,かたやぶり,きんちょうかん,5,-
オノノクス,あごオノポケモン,1.8m,105.5kg,ドラゴン,-,76,147,90,60,70,97,540,怪獣,ドラゴン,一般,とうそうしん,かたやぶり,きんちょうかん,5,-
クマシュン,ひょうけつポケモン,0.5m,8.5kg,こおり,-,55,70,40,60,40,40,305,陸上,-,一般,ゆきがくれ,ゆきかき,びびり,5,-
ツンベアー,とうけつポケモン,2.6m,260.0kg,こおり,-,95,130,80,70,80,50,505,陸上,-,一般,ゆきがくれ,ゆきかき,すいすい,5,-
フリージオ,けっしょうポケモン,1.1m,148.0kg,こおり,-,80,50,50,95,135,105,515,鉱物 (性別不明),-,一般,ふゆう,-,-,5,-
チョボマキ,マイマイポケモン,0.4m,7.7kg,むし,-,50,40,85,40,65,25,305,虫,-,一般,うるおいボディ,シェルアーマー,ぼうじん,5,-
アギルダー,からぬけポケモン,0.8m,25.3kg,むし,-,80,70,40,100,60,145,495,虫,-,一般,うるおいボディ,ねんちゃく,かるわざ,5,-
マッギョ,トラップポケモン,0.7m,11.0kg,じめん,でんき,109,66,84,81,99,32,471,水中1,不定形,一般,せいでんき,じゅうなん,すながくれ,5,-
コジョフー,ぶじゅつポケモン,0.9m,20.0kg,かくとう,-,45,85,50,55,50,65,350,陸上,人型,一般,せいしんりょく,さいせいりょく,すてみ,5,-
コジョンド,ぶじゅつポケモン,1.4m,35.5kg,かくとう,-,65,125,60,95,60,105,510,陸上,人型,一般,せいしんりょく,さいせいりょく,すてみ,5,-
クリムガン,ほらあなポケモン,1.6m,139.0kg,ドラゴン,-,77,120,90,60,90,48,485,ドラゴン,怪獣,一般,さめはだ,ちからずく,かたやぶり,5,-
ゴビット,ゴーレムポケモン,1.0m,92.0kg,じめん,ゴースト,59,74,50,35,50,35,303,鉱物 (性別不明),-,一般,てつのこぶし,ぶきよう,ノーガード,5,-
ゴルーグ,ゴーレムポケモン,2.8m,330.0kg,じめん,ゴースト,89,124,80,55,80,55,483,鉱物 (性別不明),-,一般,てつのこぶし,ぶきよう,ノーガード,5,-
コマタナ,はものポケモン,0.5m,10.2kg,あく,はがね,45,85,70,40,40,60,340,人型,-,一般,まけんき,せいしんりょく,プレッシャー,5,-
キリキザン,とうじんポケモン,1.6m,70.0kg,あく,はがね,65,125,100,60,70,70,490,人型,-,一般,まけんき,せいしんりょく,プレッシャー,5,-
バッフロン,ずつきうしポケモン,1.6m,94.6kg,ノーマル,-,95,110,95,40,95,55,490,陸上,-,一般,すてみ,そうしょく,ぼうおん,5,-
ワシボン,ヒナわしポケモン,0.5m,10.5kg,ノーマル,ひこう,70,83,50,37,50,60,350,飛行,-,一般,するどいめ,ちからずく,はりきり,5,-
ウォーグル,ゆうもうポケモン,1.5m,41.0kg,ノーマル,ひこう,100,123,75,57,75,80,510,飛行,-,一般,するどいめ,ちからずく,まけんき,5,-
バルチャイ,おむつポケモン,0.5m,9.0kg,あく,ひこう,70,55,75,45,65,60,370,飛行,-,一般,はとむね,ぼうじん,くだけるよろい,5,-
バルジーナ,ほねわしポケモン,1.2m,39.5kg,あく,ひこう,110,65,105,55,95,80,510,飛行,-,一般,はとむね,ぼうじん,くだけるよろい,5,-
クイタラン,アリクイポケモン,1.4m,58.0kg,ほのお,-,85,97,66,105,66,65,484,陸上,-,一般,くいしんぼう,もらいび,しろいけむり,5,-
アイアント,てつアリポケモン,0.3m,33.0kg,むし,はがね,58,109,112,48,48,109,484,虫,-,一般,むしのしらせ,はりきり,なまけ,5,-
モノズ,そぼうポケモン,0.8m,17.3kg,あく,ドラゴン,52,65,50,45,50,38,300,ドラゴン,-,一般,はりきり,-,-,5,-
ジヘッド,らんぼうポケモン,1.4m,50.0kg,あく,ドラゴン,72,85,70,65,70,58,420,ドラゴン,-,一般,はりきり,-,-,5,-
サザンドラ,きょうぼうポケモン,1.8m,160.0kg,あく,ドラゴン,92,105,90,125,90,98,600,ドラゴン,-,一般,ふゆう,-,-,5,-
メラルバ,たいまつポケモン,1.1m,28.8kg,むし,ほのお,55,85,55,50,55,60,360,虫,-,一般,ほのおのからだ,-,むしのしらせ,5,-
ウルガモス,たいようポケモン,1.6m,46.0kg,むし,ほのお,85,60,65,135,105,100,550,虫,-,一般,ほのおのからだ,-,むしのしらせ,5,-
コバルオン,てっしんポケモン,2.1m,250.0kg,はがね,かくとう,91,90,129,90,72,108,580,タマゴ未発見,-,準伝説,せいぎのこころ,-,-,5,-
テラキオン,がんくつポケモン,1.9m,260.0kg,いわ,かくとう,91,129,90,72,90,108,580,タマゴ未発見,-,準伝説,せいぎのこころ,-,-,5,-
ビリジオン,そうげんポケモン,2.0m,200.0kg,くさ,かくとう,91,90,72,90,129,108,580,タマゴ未発見,-,準伝説,せいぎのこころ,-,-,5,-
トルネロス,せんぷうポケモン,1.5m,63.0kg,ひこう,-,79,115,70,125,80,111,580,タマゴ未発見,-,準伝説,いたずらごころ,-,まけんき,5,化身フォルム
トルネロス,せんぷうポケモン,1.4m,63.0kg,ひこう,-,79,100,80,110,90,121,580,タマゴ未発見,-,準伝説,さいせいりょく,-,-,5,れいじゅうフォルム
ボルトロス,らいげきポケモン,1.5m,61.0kg,でんき,ひこう,79,115,70,125,80,111,580,タマゴ未発見,-,準伝説,いたずらごころ,-,まけんき,5,化身フォルム
ボルトロス,らいげきポケモン,3.0m,61.0kg,でんき,ひこう,79,105,70,145,80,101,580,タマゴ未発見,-,準伝説,ちくでん,-,-,5,れいじゅうフォルム
レシラム,はくようポケモン,3.2m,330.0kg,ドラゴン,ほのお,100,120,100,150,120,90,680,タマゴ未発見,-,伝説,ターボブレイズ,-,-,5,-
ゼクロム,こくいんポケモン,2.9m,345.0kg,ドラゴン,でんき,100,150,120,120,100,90,680,タマゴ未発見,-,伝説,テラボルテージ,-,-,5,-
ランドロス,ほうじょうポケモン,1.5m,68.0kg,じめん,ひこう,89,125,90,115,80,101,600,タマゴ未発見,-,準伝説,すなのちから,-,ちからずく,5,化身フォルム
ランドロス,ほうじょうポケモン,1.3m,68.0kg,じめん,ひこう,89,145,90,105,80,91,600,タマゴ未発見,-,準伝説,いかく,-,-,5,れいじゅうフォルム
キュレム,きょうかいポケモン,3.0m,325.0kg,ドラゴン,こおり,125,130,90,130,90,95,660,タマゴ未発見,-,伝説,プレッシャー,-,-,5,通常
キュレム,きょうかいポケモン,3.6m,325.0kg,ドラゴン,こおり,125,120,90,170,100,95,700,タマゴ未発見,-,伝説,ターボブレイズ,-,-,5,ホワイトキュレム
キュレム,きょうかいポケモン,3.3m,325.0kg,ドラゴン,こおり,125,170,100,120,90,95,700,タマゴ未発見,-,伝説,テラボルテージ,-,-,5,ブラックキュレム
ケルディオ,わかごまポケモン,1.4m,48.5kg,みず,かくとう,91,72,90,129,90,108,580,タマゴ未発見,-,幻,せいぎのこころ,-,-,5,いつものすがた
ケルディオ,わかごまポケモン,1.4m,48.5kg,みず,かくとう,91,72,90,129,90,108,580,タマゴ未発見,-,幻,せいぎのこころ,-,-,5,かくごのすがた
メロエッタ,せんりつポケモン,0.6m,6.5kg,ノーマル,エスパー,100,77,77,128,128,90,600,タマゴ未発見,-,幻,てんのめぐみ,-,-,5,ボイスフォルム
メロエッタ,せんりつポケモン,0.6m,6.5kg,ノーマル,かくとう,100,128,90,77,77,128,600,タマゴ未発見,-,幻,てんのめぐみ,-,-,5,ステップフォルム
ゲノセクト,こせいだいポケモン,1.5m,82.5kg,むし,はがね,71,120,95,120,95,99,600,タマゴ未発見,-,幻,ダウンロード,-,-,5,-
ハリマロン,いがぐりポケモン,0.4m,9.0kg,くさ,-,56,61,65,48,45,38,313,陸上,-,一般,しんりょく,-,ぼうだん,6,-
ハリボーグ,とげよろいポケモン,0.7m,29.0kg,くさ,-,61,78,95,56,58,57,405,陸上,-,一般,しんりょく,-,ぼうだん,6,-
ブリガロン,とげよろいポケモン,1.6m,90.0kg,くさ,かくとう,88,107,122,74,75,64,530,陸上,-,一般,しんりょく,-,ぼうだん,6,-
フォッコ,キツネポケモン,0.4m,9.4kg,ほのお,-,40,45,40,62,60,60,307,陸上,-,一般,もうか,-,マジシャン,6,-
テールナー,キツネポケモン,1.0m,14.5kg,ほのお,-,59,59,58,90,70,73,409,陸上,-,一般,もうか,-,マジシャン,6,-
マフォクシー,キツネポケモン,1.5m,39.0kg,ほのお,エスパー,75,69,72,114,100,104,534,陸上,-,一般,もうか,-,マジシャン,6,-
ケロマツ,あわがえるポケモン,0.3m,7.0kg,みず,-,41,56,40,62,44,71,314,水中1,-,一般,げきりゅう,-,へんげんじざい,6,-
ゲコガシラ,あわがえるポケモン,0.6m,10.9kg,みず,-,54,63,52,83,56,97,405,水中1,-,一般,げきりゅう,-,へんげんじざい,6,-
ゲッコウガ,しのびポケモン,1.5m,40.0kg,みず,あく,72,95,67,103,71,122,530,水中1,-,一般,げきりゅう,-,へんげんじざい,6,通常
ゲッコウガ,しのびポケモン,1.5m,40.0kg,みず,あく,72,145,67,153,71,132,640,タマゴ未発見,-,一般,きずなへんげ,-,-,6,サトシゲッコウガ
ホルビー,あなほりポケモン,0.4m,5.0kg,ノーマル,-,38,36,38,32,36,57,237,陸上,-,一般,ものひろい,ほおぶくろ,ちからもち,6,-
ホルード,あなほりポケモン,1.0m,42.4kg,ノーマル,じめん,85,56,77,50,77,78,423,陸上,-,一般,ものひろい,ほおぶくろ,ちからもち,6,-
ヤヤコマ,コマドリポケモン,0.3m,1.7kg,ノーマル,ひこう,45,50,43,40,38,62,278,飛行,-,一般,はとむね,-,はやてのつばさ,6,-
ヒノヤコマ,ひのこポケモン,0.7m,16.0kg,ほのお,ひこう,62,73,55,56,52,84,382,飛行,-,一般,ほのおのからだ,-,はやてのつばさ,6,-
ファイアロー,れっかポケモン,1.2m,24.5kg,ほのお,ひこう,78,81,71,74,69,126,499,飛行,-,一般,ほのおのからだ,-,はやてのつばさ,6,-
コフキムシ,こなふきポケモン,0.3m,2.5kg,むし,-,38,35,40,27,25,35,200,虫,-,一般,りんぷん,ふくがん,フレンドガード,6,-
コフーライ,こなふきポケモン,0.3m,8.4kg,むし,-,45,22,60,27,30,29,213,虫,-,一般,だっぴ,-,フレンドガード,6,-
ビビヨン,りんぷんポケモン,1.2m,17.0kg,むし,ひこう,80,52,50,90,50,89,411,虫,-,一般,りんぷん,ふくがん,フレンドガード,6,-
シシコ,わかじしポケモン,0.6m,13.5kg,ほのお,ノーマル,62,50,58,73,54,72,369,陸上,-,一般,とうそうしん,きんちょうかん,じしんかじょう,6,-
カエンジシ,おうじゃポケモン,1.5m,81.5kg,ほのお,ノーマル,86,68,72,109,66,106,507,陸上,-,一般,とうそうしん,きんちょうかん,じしんかじょう,6,-
フラベベ,いちりんポケモン,0.1m,0.1kg,フェアリー,-,44,38,39,61,79,42,303,妖精,-,一般,フラワーベール,-,きょうせい,6,-
フラエッテ,いちりんポケモン,0.2m,0.9kg,フェアリー,-,54,45,47,75,98,52,371,妖精,-,一般,フラワーベール,-,きょうせい,6,-
フラージェス,ガーデンポケモン,1.1m,10.0kg,フェアリー,-,78,65,68,112,154,75,552,妖精,-,一般,フラワーベール,-,きょうせい,6,-
メェークル,ライドポケモン,0.9m,31.0kg,くさ,-,66,65,48,62,57,52,350,陸上,-,一般,そうしょく,-,くさのけがわ,6,-
ゴーゴート,ライドポケモン,1.7m,91.0kg,くさ,-,123,100,62,97,81,68,531,陸上,-,一般,そうしょく,-,くさのけがわ,6,-
ヤンチャム,やんちゃポケモン,0.6m,8.0kg,かくとう,-,67,82,62,46,48,43,348,陸上,人型,一般,てつのこぶし,かたやぶり,きもったま,6,-
ゴロンダ,こわもてポケモン,2.1m,136.0kg,かくとう,あく,95,124,78,69,71,58,495,陸上,人型,一般,てつのこぶし,かたやぶり,きもったま,6,-
トリミアン,プードルポケモン,1.2m,28.0kg,ノーマル,-,75,80,60,65,90,102,472,陸上,-,一般,ファーコート,-,-,6,-
ニャスパー,じせいポケモン,0.3m,3.5kg,エスパー,-,62,48,54,63,60,68,355,陸上,-,一般,するどいめ,すりぬけ,マイペース,6,-
ニャオニクス,よくせいポケモン,0.6m,8.5kg,エスパー,-,74,48,76,83,81,104,466,陸上,-,一般,するどいめ,すりぬけ,いたずらごころ,6,オスの姿
ニャオニクス,よくせいポケモン,0.6m,8.5kg,エスパー,-,74,48,76,83,81,104,466,陸上,-,一般,するどいめ,すりぬけ,かちき,6,メスの姿
ヒトツキ,とうけんポケモン,0.8m,2.0kg,はがね,ゴースト,45,80,100,35,37,28,325,鉱物,-,一般,ノーガード,-,-,6,-
ニダンギル,とうけんポケモン,0.8m,4.5kg,はがね,ゴースト,59,110,150,45,49,35,448,鉱物,-,一般,ノーガード,-,-,6,-
ギルガルド,おうけんポケモン,1.7m,53.0kg,はがね,ゴースト,60,50,150,50,150,60,520,鉱物,-,一般,バトルスイッチ,-,-,6,シールドフォルム
ギルガルド,おうけんポケモン,1.7m,53.0kg,はがね,ゴースト,60,150,50,150,50,60,520,鉱物,-,一般,バトルスイッチ,-,-,6,ブレードフォルム
シュシュプ,こうすいポケモン,0.2m,0.5kg,フェアリー,-,78,52,60,63,65,23,341,妖精,-,一般,いやしのこころ,-,アロマベール,6,-
フレフワン,ほうこうポケモン,0.8m,15.5kg,フェアリー,-,101,72,72,99,89,29,462,妖精,-,一般,いやしのこころ,-,アロマベール,6,-
ペロッパフ,わたあめポケモン,0.4m,3.5kg,フェアリー,-,62,48,66,59,57,49,341,妖精,-,一般,スイートベール,-,かるわざ,6,-
ペロリーム,ホイップポケモン,0.8m,5.0kg,フェアリー,-,82,80,86,85,75,72,480,妖精,-,一般,スイートベール,-,かるわざ,6,-
マーイーカ,かいてんポケモン,0.4m,3.5kg,あく,エスパー,53,54,53,37,46,45,288,水中1,水中2,一般,あまのじゃく,きゅうばん,すりぬけ,6,-
カラマネロ,ぎゃくてんポケモン,1.5m,47.0kg,あく,エスパー,86,92,88,68,75,73,482,水中1,水中2,一般,あまのじゃく,きゅうばん,すりぬけ,6,-
カメテテ,ふたてポケモン,0.5m,31.0kg,いわ,みず,42,52,67,39,56,50,306,水中3,-,一般,かたいツメ,スナイパー,わるいてぐせ,6,-
ガメノデス,しゅうごうポケモン,1.3m,96.0kg,いわ,みず,72,105,115,54,86,68,500,水中3,-,一般,かたいツメ,スナイパー,わるいてぐせ,6,-
クズモー,クサモドキポケモン,0.5m,7.3kg,どく,みず,50,60,60,60,60,30,320,水中1,ドラゴン,一般,どくのトゲ,どくしゅ,てきおうりょく,6,-
ドラミドロ,クサモドキポケモン,1.8m,81.5kg,どく,ドラゴン,65,75,90,97,123,44,494,水中1,ドラゴン,一般,どくのトゲ,どくしゅ,てきおうりょく,6,-
ウデッポウ,みずでっぽうポケモン,0.5m,8.3kg,みず,-,50,53,62,58,63,44,330,水中1,水中3,一般,メガランチャー,-,-,6,-
ブロスター,ランチャーポケモン,1.3m,35.3kg,みず,-,71,73,88,120,89,59,500,水中1,水中3,一般,メガランチャー,-,-,6,-
エリキテル,はつでんポケモン,0.5m,6.0kg,でんき,ノーマル,44,38,33,61,43,70,289,怪獣,ドラゴン,一般,かんそうはだ,すながくれ,サンパワー,6,-
エレザード,はつでんポケモン,1.0m,21.0kg,でんき,ノーマル,62,55,52,109,94,109,481,怪獣,ドラゴン,一般,かんそうはだ,すながくれ,サンパワー,6,-
チゴラス,ようくんポケモン,0.8m,26.0kg,いわ,ドラゴン,58,89,77,45,45,48,362,怪獣,ドラゴン,一般,がんじょうあご,-,がんじょう,6,-
ガチゴラス,ぼうくんポケモン,2.5m,270.0kg,いわ,ドラゴン,82,121,119,69,59,71,521,怪獣,ドラゴン,一般,がんじょうあご,-,いしあたま,6,-
アマルス,ツンドラポケモン,1.3m,25.2kg,いわ,こおり,77,59,50,67,63,46,362,怪獣,-,一般,フリーズスキン,-,ゆきふらし,6,-
アマルルガ,ツンドラポケモン,2.7m,225.0kg,いわ,こおり,123,77,72,99,92,58,521,怪獣,-,一般,フリーズスキン,-,ゆきふらし,6,-
ニンフィア,むすびつきポケモン,1.0m,23.5kg,フェアリー,-,95,65,65,110,130,60,525,陸上,-,一般,メロメロボディ,-,フェアリースキン,6,-
ルチャブル,レスリングポケモン,0.8m,21.5kg,かくとう,ひこう,78,92,75,74,63,118,500,人型,-,一般,じゅうなん,かるわざ,かたやぶり,6,-
デデンネ,アンテナポケモン,0.2m,2.2kg,でんき,フェアリー,67,58,57,81,67,101,431,陸上,妖精,一般,ほおぶくろ,ものひろい,プラス,6,-
メレシー,ほうせきポケモン,0.3m,5.7kg,いわ,フェアリー,50,50,150,50,150,50,500,鉱物 (性別不明),-,一般,クリアボディ,-,がんじょう,6,-
ヌメラ,なんたいポケモン,0.3m,2.8kg,ドラゴン,-,45,50,35,55,75,40,300,ドラゴン,-,一般,そうしょく,うるおいボディ,ぬめぬめ,6,-
ヌメイル,なんたいポケモン,0.8m,17.5kg,ドラゴン,-,68,75,53,83,113,60,452,ドラゴン,-,一般,そうしょく,うるおいボディ,ぬめぬめ,6,-
ヌメルゴン,ドラゴンポケモン,2.0m,150.5kg,ドラゴン,-,90,100,70,110,150,80,600,ドラゴン,-,一般,そうしょく,うるおいボディ,ぬめぬめ,6,-
クレッフィ,かぎたばポケモン,0.2m,3.0kg,はがね,フェアリー,57,80,91,80,87,75,470,鉱物,-,一般,いたずらごころ,-,マジシャン,6,-
ボクレー,きりかぶポケモン,0.4m,7.0kg,ゴースト,くさ,43,70,48,50,60,38,309,植物,不定形,一般,しぜんかいふく,おみとおし,しゅうかく,6,-
オーロット,ろうぼくポケモン,1.5m,71.0kg,ゴースト,くさ,85,110,76,65,82,56,474,植物,不定形,一般,しぜんかいふく,おみとおし,しゅうかく,6,-
バケッチャ,かぼちゃポケモン,0.4m,5.0kg,ゴースト,くさ,49,66,70,44,55,51,335,不定形,-,一般,ものひろい,おみとおし,ふみん,6,ふつうのサイズ
バケッチャ,かぼちゃポケモン,0.3m,3.5kg,ゴースト,くさ,44,66,70,44,55,56,335,不定形,-,一般,ものひろい,おみとおし,ふみん,6,ちいさいサイズ
バケッチャ,かぼちゃポケモン,0.5m,7.5kg,ゴースト,くさ,54,66,70,44,55,46,335,不定形,-,一般,ものひろい,おみとおし,ふみん,6,おおきいサイズ
バケッチャ,かぼちゃポケモン,0.8m,15.0kg,ゴースト,くさ,59,66,70,44,55,41,335,不定形,-,一般,ものひろい,おみとおし,ふみん,6,とくだいサイズ
パンプジン,かぼちゃポケモン,0.9m,12.5kg,ゴースト,くさ,65,90,122,58,75,84,494,不定形,-,一般,ものひろい,おみとおし,ふみん,6,ふつうのサイズ
パンプジン,かぼちゃポケモン,0.7m,9.5kg,ゴースト,くさ,55,85,122,58,75,99,494,不定形,-,一般,ものひろい,おみとおし,ふみん,6,ちいさいサイズ
パンプジン,かぼちゃポケモン,1.1m,14.0kg,ゴースト,くさ,75,95,122,58,75,69,494,不定形,-,一般,ものひろい,おみとおし,ふみん,6,おおきいサイズ
パンプジン,かぼちゃポケモン,1.7m,39.0kg,ゴースト,くさ,85,100,122,58,75,54,494,不定形,-,一般,ものひろい,おみとおし,ふみん,6,とくだいサイズ
カチコール,ひょうかいポケモン,1.0m,99.5kg,こおり,-,55,69,85,32,35,28,304,怪獣,-,一般,マイペース,アイスボディ,がんじょう,6,-
クレベース,ひょうざんポケモン,2.0m,505.0kg,こおり,-,95,117,184,44,46,28,514,怪獣,-,一般,マイペース,アイスボディ,がんじょう,6,-
オンバット,おんぱポケモン,0.5m,8.0kg,ひこう,ドラゴン,40,30,35,45,40,55,245,飛行,-,一般,おみとおし,すりぬけ,テレパシー,6,-
オンバーン,おんぱポケモン,1.5m,85.0kg,ひこう,ドラゴン,85,70,80,97,80,123,535,飛行,-,一般,おみとおし,すりぬけ,テレパシー,6,-
ゼルネアス,せいめいポケモン,3.0m,215.0kg,フェアリー,-,126,131,95,131,98,99,680,タマゴ未発見,-,伝説,フェアリーオーラ,-,-,6,-
イベルタル,はかいポケモン,5.8m,203.0kg,あく,ひこう,126,131,95,131,98,99,680,タマゴ未発見,-,伝説,ダークオーラ,-,-,6,-
ジガルデ,ちつじょポケモン,5.0m,305.0kg,ドラゴン,じめん,108,100,121,81,95,95,600,タマゴ未発見,-,伝説,オーラブレイク,-,-,6,50%フォルム
ジガルデ,ちつじょポケモン,1.2m,33.5kg,ドラゴン,じめん,54,100,71,61,85,115,486,タマゴ未発見,-,伝説,オーラブレイク,-,-,6,10%フォルム
ジガルデ,ちつじょポケモン,4.5m,610.0kg,ドラゴン,じめん,216,100,121,91,95,85,708,タマゴ未発見,-,伝説,スワームチェンジ,-,-,6,パーフェクトフォルム
ディアンシー,ほうせきポケモン,0.7m,8.8kg,いわ,フェアリー,50,100,150,100,150,50,600,タマゴ未発見,-,幻,クリアボディ,-,-,6,通常
メガディアンシー,ほうせきポケモン,1.1m,27.8kg,いわ,フェアリー,50,160,110,160,110,110,700,タマゴ未発見,-,幻,マジックミラー,-,-,6,メガ進化
フーパ,いたずらポケモン,0.5m,9.0kg,エスパー,ゴースト,80,110,60,150,130,70,600,タマゴ未発見,-,幻,マジシャン,-,-,6,いましめられしフーパ
フーパ,まじんポケモン,6.5m,490.0kg,エスパー,あく,80,160,60,170,130,80,680,タマゴ未発見,-,幻,マジシャン,-,-,6,ときはなたれしフーパ
ボルケニオン,スチームポケモン,1.7m,195.0kg,ほのお,みず,80,110,120,130,90,70,600,タマゴ未発見,-,幻,ちょすい,-,-,6,-
モクロー,くさばねポケモン,0.3m,1.5kg,くさ,ひこう,68,55,55,50,50,42,320,飛行,-,一般,しんりょく,-,えんかく,7,-
フクスロー,はばねポケモン,0.7m,16.0kg,くさ,ひこう,78,75,75,70,70,52,420,飛行,-,一般,しんりょく,-,えんかく,7,-
ジュナイパー,やばねポケモン,1.6m,36.6kg,くさ,ゴースト,78,107,75,100,100,70,530,飛行,-,一般,しんりょく,-,えんかく,7,-
ニャビー,ひねこポケモン,0.4m,4.3kg,ほのお,-,45,65,40,60,40,70,320,陸上,-,一般,もうか,-,いかく,7,-
ニャヒート,ひねこポケモン,0.7m,25.0kg,ほのお,-,65,85,50,80,50,90,420,陸上,-,一般,もうか,-,いかく,7,-
ガオガエン,ヒールポケモン,1.8m,83.0kg,ほのお,あく,95,115,90,80,90,60,530,陸上,-,一般,もうか,-,いかく,7,-
アシマリ,あしかポケモン,0.4m,7.5kg,みず,-,50,54,54,66,56,40,320,水中1,陸上,一般,げきりゅう,-,うるおいボイス,7,-
オシャマリ,アイドルポケモン,0.6m,17.5kg,みず,-,60,69,69,91,81,50,420,水中1,陸上,一般,げきりゅう,-,うるおいボイス,7,-
アシレーヌ,ソリストポケモン,1.8m,44.0kg,みず,フェアリー,80,74,74,126,116,60,530,水中1,陸上,一般,げきりゅう,-,うるおいボイス,7,-
ツツケラ,きつつきポケモン,0.3m,1.2kg,ノーマル,ひこう,35,75,30,30,30,65,265,飛行,-,一般,するどいめ,スキルリンク,ものひろい,7,-
ケララッパ,ラッパぐちポケモン,0.6m,14.8kg,ノーマル,ひこう,55,85,50,40,50,75,355,飛行,-,一般,するどいめ,スキルリンク,ものひろい,7,-
ドデカバシ,おおづつポケモン,1.1m,26.0kg,ノーマル,ひこう,80,120,75,75,75,60,485,飛行,-,一般,するどいめ,スキルリンク,ちからずく,7,-
ヤングース,うろつきポケモン,0.4m,6.0kg,ノーマル,-,48,70,30,30,30,45,253,陸上,-,一般,はりこみ,がんじょうあご,てきおうりょく,7,-
デカグース,はりこみポケモン,0.7m,14.2kg,ノーマル,-,88,110,60,55,60,45,418,陸上,-,一般,はりこみ,がんじょうあご,てきおうりょく,7,-
アゴジムシ,ようちゅうポケモン,0.4m,4.4kg,むし,-,47,62,45,55,45,46,300,虫,-,一般,むしのしらせ,-,-,7,-
デンヂムシ,バッテリーポケモン,0.5m,10.5kg,むし,でんき,57,82,95,55,75,36,400,虫,-,一般,バッテリー,-,-,7,-
クワガノン,くわがたポケモン,1.5m,45.0kg,むし,でんき,77,70,90,145,75,43,500,虫,-,一般,ふゆう,-,-,7,-
マケンカニ,けんとうポケモン,0.6m,7.0kg,かくとう,-,47,82,57,42,47,63,338,水中3,-,一般,かいりきバサミ,てつのこぶし,いかりのつぼ,7,-
ケケンカニ,けがにポケモン,1.7m,180.0kg,かくとう,こおり,97,132,77,62,67,43,478,水中3,-,一般,かいりきバサミ,てつのこぶし,いかりのつぼ,7,-
オドリドリ,ダンスポケモン,0.6m,3.4kg,ほのお,ひこう,75,70,70,98,70,93,476,飛行,-,一般,おどりこ,-,-,7,めらめら
オドリドリ,ダンスポケモン,0.6m,3.4kg,でんき,ひこう,75,70,70,98,70,93,476,飛行,-,一般,おどりこ,-,-,7,ぱちぱち
オドリドリ,ダンスポケモン,0.6m,3.4kg,エスパー,ひこう,75,70,70,98,70,93,476,飛行,-,一般,おどりこ,-,-,7,ふらふら
オドリドリ,ダンスポケモン,0.6m,3.4kg,ゴースト,ひこう,75,70,70,98,70,93,476,飛行,-,一般,おどりこ,-,-,7,まいまい
アブリー,ツリアブポケモン,0.1m,0.2kg,むし,フェアリー,40,45,40,55,40,84,304,虫,妖精,一般,みつあつめ,りんぷん,スイートベール,7,-
アブリボン,ツリアブポケモン,0.2m,0.5kg,むし,フェアリー,60,55,60,95,70,124,464,虫,妖精,一般,みつあつめ,りんぷん,スイートベール,7,-
イワンコ,こいぬポケモン,0.5m,9.2kg,いわ,-,45,65,40,30,40,60,280,陸上,-,一般,するどいめ,やるき,ふくつのこころ,7,-
ルガルガン,オオカミポケモン,0.8m,25.0kg,いわ,-,75,115,65,55,65,112,487,陸上,-,一般,するどいめ,すなかき,ふくつのこころ,7,まひるのすがた
ルガルガン,オオカミポケモン,1.1m,25.0kg,いわ,-,85,115,75,55,75,82,487,陸上,-,一般,するどいめ,やるき,ノーガード,7,まよなかのすがた
ルガルガン,オオカミポケモン,0.8m,25.0kg,いわ,-,75,117,65,55,65,110,487,陸上,-,一般,かたいツメ,-,-,7,たそがれのすがた
ヨワシ,こざかなポケモン,0.2m,0.3kg,みず,-,45,20,20,25,25,40,175,水中2,-,一般,ぎょぐん,-,-,7,たんどくのすがた
ヨワシ,こざかなポケモン,8.2m,78.6kg,みず,-,45,140,130,140,135,30,620,水中2,-,一般,ぎょぐん,-,-,7,むれたすがた
ヒドイデ,ヒトデナシポケモン,0.4m,8.0kg,どく,みず,50,53,62,43,52,45,305,水中1,-,一般,ひとでなし,じゅうなん,さいせいりょく,7,-
ドヒドイデ,ヒトデナシポケモン,0.7m,14.5kg,どく,みず,50,63,152,53,142,35,495,水中1,-,一般,ひとでなし,じゅうなん,さいせいりょく,7,-
ドロバンコ,うさぎうまポケモン,1.0m,110.0kg,じめん,-,70,100,70,45,55,45,385,陸上,-,一般,マイペース,じきゅうりょく,せいしんりょく,7,-
バンバドロ,ばんばポケモン,2.5m,920.0kg,じめん,-,100,125,100,55,85,35,500,陸上,-,一般,マイペース,じきゅうりょく,せいしんりょく,7,-
シズクモ,すいほうポケモン,0.3m,4.0kg,みず,むし,38,40,52,40,72,27,269,水中1,虫,一般,すいほう,-,ちょすい,7,-
オニシズクモ,すいほうポケモン,1.8m,82.0kg,みず,むし,68,70,92,50,132,42,454,水中1,虫,一般,すいほう,-,ちょすい,7,-
カリキリ,かまくさポケモン,0.3m,1.5kg,くさ,-,40,55,35,50,35,35,250,植物,-,一般,リーフガード,-,あまのじゃく,7,-
ラランテス,はなかまポケモン,0.9m,18.5kg,くさ,-,70,105,90,80,90,45,480,植物,-,一般,リーフガード,-,あまのじゃく,7,-
ネマシュ,はっこうポケモン,0.2m,1.5kg,くさ,フェアリー,40,35,55,65,75,15,285,植物,-,一般,はっこう,ほうし,あめうけざら,7,-
マシェード,はっこうポケモン,1.0m,11.5kg,くさ,フェアリー,60,45,80,90,100,30,405,植物,-,一般,はっこう,ほうし,あめうけざら,7,-
ヤトウモリ,どくトカゲポケモン,0.6m,4.8kg,どく,ほのお,48,44,40,71,40,77,320,怪獣,ドラゴン,一般,ふしょく,-,どんかん,7,-
エンニュート,どくトカゲポケモン,1.2m,22.2kg,どく,ほのお,68,64,60,111,60,117,480,怪獣,ドラゴン,一般,ふしょく,-,どんかん,7,-
ヌイコグマ,じたばたポケモン,0.5m,6.8kg,ノーマル,かくとう,70,75,50,45,50,50,340,陸上,-,一般,もふもふ,ぶきよう,メロメロボディ,7,-
キテルグマ,ごうわんポケモン,2.1m,135.0kg,ノーマル,かくとう,120,125,80,55,60,60,500,陸上,-,一般,もふもふ,ぶきよう,きんちょうかん,7,-
アマカジ,フルーツポケモン,0.3m,3.2kg,くさ,-,42,30,38,30,38,32,210,植物,-,一般,リーフガード,どんかん,スイートベール,7,-
アママイコ,フルーツポケモン,0.7m,8.2kg,くさ,-,52,40,48,40,48,62,290,植物,-,一般,リーフガード,どんかん,スイートベール,7,-
アマージョ,フルーツポケモン,1.2m,21.4kg,くさ,-,72,120,98,50,98,72,510,植物,-,一般,リーフガード,じょおうのいげん,スイートベール,7,-
キュワワー,はなつみポケモン,0.1m,0.3kg,フェアリー,-,51,52,90,82,110,100,485,植物,-,一般,フラワーベール,ヒーリングシフト,しぜんかいふく,7,-
ヤレユータン,けんじゃポケモン,1.5m,76.0kg,ノーマル,エスパー,90,60,80,90,110,60,490,陸上,-,一般,せいしんりょく,テレパシー,きょうせい,7,-
ナゲツケサル,れんけいポケモン,2.0m,82.8kg,かくとう,-,100,120,90,40,60,80,490,陸上,-,一般,レシーバー,-,まけんき,7,-
コソクムシ,そうこうポケモン,0.5m,12.0kg,むし,みず,25,35,40,20,30,80,230,虫,水中3,一般,にげごし,-,-,7,-
グソクムシャ,そうこうポケモン,2.0m,108.0kg,むし,みず,75,125,140,60,90,40,530,虫,水中3,一般,ききかいひ,-,-,7,-
スナバァ,すなやまポケモン,0.5m,70.0kg,ゴースト,じめん,55,55,80,70,45,15,320,不定形,-,一般,みずがため,-,すながくれ,7,-
シロデスナ,すなのしろポケモン,1.3m,250.0kg,ゴースト,じめん,85,75,110,100,75,35,480,不定形,-,一般,みずがため,-,すながくれ,7,-
ナマコブシ,なまこポケモン,0.3m,1.2kg,みず,-,55,60,130,30,130,5,410,水中1,-,一般,とびだすなかみ,-,てんねん,7,-
タイプ：ヌル,じんこうポケモン,1.9m,120.5kg,ノーマル,-,95,95,95,95,95,59,534,タマゴ未発見,-,準伝説,カブトアーマー,-,-,7,-
シルヴァディ,じんこうポケモン,2.3m,100.5kg,ノーマル,-,95,95,95,95,95,95,570,タマゴ未発見,-,準伝説,ARシステム,-,-,7,-
メテノ,ながれぼしポケモン,0.3m,40.0kg,いわ,ひこう,60,60,100,60,100,60,440,鉱物 (性別不明),-,一般,リミットシールド,-,-,7,りゅうせいのすがた
メテノ,ながれぼしポケモン,0.3m,0.3kg,いわ,ひこう,60,100,60,100,60,120,500,鉱物 (性別不明),-,一般,リミットシールド,-,-,7,コア
ネッコアラ,ゆめうつつポケモン,0.4m,19.9kg,ノーマル,-,65,115,65,75,95,65,480,陸上,-,一般,ぜったいねむり,-,-,7,-
バクガメス,ばくはつがめポケモン,2.0m,212.0kg,ほのお,ドラゴン,60,78,135,91,85,36,485,怪獣,ドラゴン,一般,シェルアーマー,-,-,7,-
トゲデマル,まるまりポケモン,0.3m,3.3kg,でんき,はがね,65,98,63,40,73,96,435,陸上,妖精,一般,てつのトゲ,ひらいしん,がんじょう,7,-
ミミッキュ,ばけのかわポケモン,0.2m,0.7kg,ゴースト,フェアリー,55,90,80,50,105,96,476,不定形,-,一般,ばけのかわ,-,-,7,-
ハギギシリ,はぎしりポケモン,0.9m,19.0kg,みず,エスパー,68,105,70,70,70,92,475,水中2,-,一般,ビビッドボディ,がんじょうあご,ミラクルスキン,7,-
ジジーロン,ゆうゆうポケモン,3.0m,185.0kg,ノーマル,ドラゴン,78,60,85,135,91,36,485,怪獣,ドラゴン,一般,ぎゃくじょう,そうしょく,ノーてんき,7,-
ダダリン,もくずポケモン,3.9m,210.0kg,ゴースト,くさ,70,131,100,86,90,40,517,鉱物 (性別不明),-,一般,はがねつかい,-,-,7,-
ジャラコ,うろこポケモン,0.6m,29.7kg,ドラゴン,-,45,55,65,45,45,45,300,ドラゴン,-,一般,ぼうだん,ぼうおん,ぼうじん,7,-
ジャランゴ,うろこポケモン,1.2m,47.0kg,ドラゴン,かくとう,55,75,90,65,70,65,420,ドラゴン,-,一般,ぼうだん,ぼうおん,ぼうじん,7,-
ジャラランガ,うろこポケモン,1.6m,78.2kg,ドラゴン,かくとう,75,110,125,100,105,85,600,ドラゴン,-,一般,ぼうだん,ぼうおん,ぼうじん,7,-
カプ・コケコ,とちがみポケモン,1.8m,20.5kg,でんき,フェアリー,70,115,85,95,75,130,570,タマゴ未発見,-,準伝説,エレキメイカー,-,テレパシー,7,-
カプ・テテフ,とちがみポケモン,1.2m,18.6kg,エスパー,フェアリー,70,85,75,130,115,95,570,タマゴ未発見,-,準伝説,サイコメイカー,-,テレパシー,7,-
カプ・ブルル,とちがみポケモン,1.9m,45.5kg,くさ,フェアリー,70,130,115,85,95,75,570,タマゴ未発見,-,準伝説,グラスメイカー,-,テレパシー,7,-
カプ・レヒレ,とちがみポケモン,1.3m,21.2kg,みず,フェアリー,70,75,115,95,130,85,570,タマゴ未発見,-,準伝説,ミストメイカー,-,テレパシー,7,-
コスモッグ,せいうんポケモン,0.2m,0.1kg,エスパー,-,43,29,31,29,31,37,200,タマゴ未発見,-,伝説,てんねん,-,-,7,-
コスモウム,げんしせいポケモン,0.1m,999.9kg,エスパー,-,43,29,131,29,131,37,400,タマゴ未発見,-,伝説,がんじょう,-,-,7,-
ソルガレオ,にちりんポケモン,3.4m,230.0kg,エスパー,はがね,137,137,107,113,89,97,680,タマゴ未発見,-,伝説,メタルプロテクト,-,-,7,-
ルナアーラ,がちりんポケモン,4.0m,120.0kg,エスパー,ゴースト,137,113,89,137,107,97,680,タマゴ未発見,-,伝説,ファントムガード,-,-,7,-
ウツロイド,きせいポケモン,1.2m,55.5kg,いわ,どく,109,53,47,127,131,103,570,タマゴ未発見,-,準伝説,ビーストブースト,-,-,7,-
マッシブーン,ぼうちょうポケモン,2.4m,333.6kg,むし,かくとう,107,139,139,53,53,79,570,タマゴ未発見,-,準伝説,ビーストブースト,-,-,7,-
フェローチェ,えんびポケモン,1.8m,25.0kg,むし,かくとう,71,137,37,137,37,151,570,タマゴ未発見,-,準伝説,ビーストブースト,-,-,7,-
デンジュモク,でんしょくポケモン,3.8m,100.0kg,でんき,-,83,89,71,173,71,83,570,タマゴ未発見,-,準伝説,ビーストブースト,-,-,7,-
テッカグヤ,うちあげポケモン,9.2m,999.9kg,はがね,ひこう,97,101,103,107,101,61,570,タマゴ未発見,-,準伝説,ビーストブースト,-,-,7,-
カミツルギ,ばっとうポケモン,0.3m,0.1kg,くさ,はがね,59,181,131,59,31,109,570,タマゴ未発見,-,準伝説,ビーストブースト,-,-,7,-
アクジキング,あくじきポケモン,5.5m,888.0kg,あく,ドラゴン,223,101,53,97,53,43,570,タマゴ未発見,-,準伝説,ビーストブースト,-,-,7,-
ネクロズマ,プリズムポケモン,2.4m,230.0kg,エスパー,-,97,107,101,127,89,79,600,タマゴ未発見,-,伝説,プリズムアーマー,-,-,7,通常
ネクロズマ,プリズムポケモン,3.8m,460.0kg,エスパー,はがね,97,157,127,113,109,77,680,タマゴ未発見,-,伝説,プリズムアーマー,-,-,7,たそがれのたてがみ(日食)
ネクロズマ,プリズムポケモン,4.2m,350.0kg,エスパー,ゴースト,97,113,109,157,127,77,680,タマゴ未発見,-,伝説,プリズムアーマー,-,-,7,あかつきのつばさ(月食)
ネクロズマ,プリズムポケモン,7.5m,230.0kg,エスパー,ドラゴン,97,167,97,167,97,129,754,タマゴ未発見,-,伝説,ブレインフォース,-,-,7,ウルトラネクロズマ
マギアナ,じんぞうポケモン,1.0m,80.5kg,はがね,フェアリー,80,95,115,130,115,65,600,タマゴ未発見,-,幻,ソウルハート,-,-,7,-
マーシャドー,かげすみポケモン,0.7m,22.2kg,かくとう,ゴースト,90,125,80,90,90,125,600,タマゴ未発見,-,幻,テクニシャン,-,-,7,-
ベベノム,どくばりポケモン,0.6m,1.8kg,どく,-,67,73,67,73,67,73,420,タマゴ未発見,-,準伝説,ビーストブースト,-,-,7,-
アーゴヨン,どくばりポケモン,3.6m,150.0kg,どく,ドラゴン,73,73,73,127,73,121,540,タマゴ未発見,-,準伝説,ビーストブースト,-,-,7,-
ツンデツンデ,いしがきポケモン,5.5m,820.0kg,いわ,はがね,61,131,211,53,101,13,570,タマゴ未発見,-,準伝説,ビーストブースト,-,-,7,-
ズガドーン,はなびポケモン,1.8m,13.0kg,ほのお,ゴースト,53,127,53,151,79,107,570,タマゴ未発見,-,準伝説,ビーストブースト,-,-,7,-
ゼラオラ,じんらいポケモン,1.5m,44.5kg,でんき,-,88,112,75,102,80,143,600,タマゴ未発見,-,幻,ちくでん,-,-,7,-
メルタン,ナットポケモン,0.2m,8.0kg,はがね,-,46,65,65,55,35,34,300,タマゴ未発見,-,幻,じりょく,-,-,7,-
メルメタル,ナットポケモン,2.5m,800.0kg,はがね,-,135,143,143,80,65,34,600,タマゴ未発見,-,幻,てつのこぶし,-,-,7,-
サルノリ,こざるポケモン,0.3m,5.0kg,くさ,-,50,65,50,40,40,65,310,陸上,植物,一般,しんりょく,-,グラスメイカー,8,-
バチンキー,ビートポケモン,0.7m,14.0kg,くさ,-,70,85,70,55,60,80,420,陸上,植物,一般,しんりょく,-,グラスメイカー,8,-
ゴリランダー,ドラマーポケモン,2.1m,90.0kg,くさ,-,100,125,90,60,70,85,530,陸上,植物,一般,しんりょく,-,グラスメイカー,8,-
ヒバニー,うさぎポケモン,0.3m,4.5kg,ほのお,-,50,71,40,40,40,69,310,陸上,人型,一般,もうか,-,リベロ,8,-
ラビフット,うさぎポケモン,0.6m,9.0kg,ほのお,-,65,86,60,55,60,94,420,陸上,人型,一般,もうか,-,リベロ,8,-
エースバーン,ストライカーポケモン,1.4m,33.0kg,ほのお,-,80,116,75,65,75,119,530,陸上,人型,一般,もうか,-,リベロ,8,-
メッソン,みずとかげポケモン,0.3m,4.0kg,みず,-,50,40,40,70,40,70,310,水中1,陸上,一般,げきりゅう,-,スナイパー,8,-
ジメレオン,みずとかげポケモン,0.7m,11.5kg,みず,-,65,60,55,95,55,90,420,水中1,陸上,一般,げきりゅう,-,スナイパー,8,-
インテレオン,エージェントポケモン,1.9m,45.2kg,みず,-,70,85,65,125,65,120,530,水中1,陸上,一般,げきりゅう,-,スナイパー,8,-
ホシガリス,ほおばりポケモン,0.3m,2.5kg,ノーマル,-,70,55,55,35,35,25,275,陸上,-,一般,ほおぶくろ,-,くいしんぼう,8,-
ヨクバリス,よくばりポケモン,0.6m,6.0kg,ノーマル,-,120,95,95,55,75,20,460,陸上,-,一般,ほおぶくろ,-,くいしんぼう,8,-
ココガラ,ことりポケモン,0.2m,1.8kg,ひこう,-,38,47,35,33,35,57,245,飛行,-,一般,するどいめ,きんちょうかん,はとむね,8,-
アオガラス,カラスポケモン,0.8m,16.0kg,ひこう,-,68,67,55,43,55,77,365,飛行,-,一般,するどいめ,きんちょうかん,はとむね,8,-
アーマーガア,カラスポケモン,2.2m,75.0kg,ひこう,はがね,98,87,105,53,85,67,495,飛行,-,一般,プレッシャー,きんちょうかん,ミラーアーマー,8,-
サッチムシ,ようちゅうポケモン,0.4m,8.0kg,むし,-,25,20,20,25,45,45,180,虫,-,一般,むしのしらせ,ふくがん,テレパシー,8,-
レドームシ,レドームポケモン,0.4m,19.5kg,むし,エスパー,50,35,80,50,90,30,335,虫,-,一般,むしのしらせ,ふくがん,テレパシー,8,-
イオルブ,ななほしポケモン,0.4m,40.8kg,むし,エスパー,60,45,110,80,120,90,505,虫,-,一般,むしのしらせ,おみとおし,テレパシー,8,-
クスネ,きつねポケモン,0.6m,8.9kg,あく,-,40,28,28,47,52,50,245,陸上,-,一般,にげあし,かるわざ,はりこみ,8,-
フォクスライ,きつねポケモン,1.2m,19.9kg,あく,-,70,58,58,87,92,90,455,陸上,-,一般,にげあし,かるわざ,はりこみ,8,-
ヒメンカ,はなかざりポケモン,0.4m,2.2kg,くさ,-,40,40,60,40,60,10,250,植物,-,一般,わたげ,さいせいりょく,ほうし,8,-
ワタシラガ,わたかざりポケモン,0.5m,2.5kg,くさ,-,60,50,90,80,120,60,460,植物,-,一般,わたげ,さいせいりょく,ほうし,8,-
ウールー,ひつじポケモン,0.6m,6.0kg,ノーマル,-,42,40,55,40,45,48,270,陸上,-,一般,もふもふ,にげあし,ぼうだん,8,-
バイウールー,ひつじポケモン,1.3m,43.0kg,ノーマル,-,72,80,100,60,90,88,490,陸上,-,一般,もふもふ,ふくつのこころ,ぼうだん,8,-
カムカメ,くいつきポケモン,0.3m,8.5kg,みず,-,50,64,50,38,38,44,284,怪獣,水中1,一般,がんじょうあご,シェルアーマー,すいすい,8,-
カジリガメ,かみつきポケモン,1.0m,115.5kg,みず,いわ,90,115,90,48,68,74,485,怪獣,水中1,一般,がんじょうあご,シェルアーマー,すいすい,8,-
ワンパチ,こいぬポケモン,0.3m,13.5kg,でんき,-,59,45,50,40,50,26,270,陸上,-,一般,たまひろい,-,びびり,8,-
パルスワン,いぬポケモン,1.0m,34.0kg,でんき,-,69,90,60,90,60,121,490,陸上,-,一般,がんじょうあご,-,かちき,8,-
タンドン,せきたんポケモン,0.3m,12.0kg,いわ,-,30,40,50,40,50,30,240,鉱物,-,一般,じょうききかん,たいねつ,もらいび,8,-
トロッゴン,せきたんポケモン,1.1m,78.0kg,いわ,ほのお,80,60,90,60,70,50,410,鉱物,-,一般,じょうききかん,ほのおのからだ,もらいび,8,-
セキタンザン,せきたんポケモン,2.8m,310.5kg,いわ,ほのお,110,80,120,80,90,30,510,鉱物,-,一般,じょうききかん,ほのおのからだ,もらいび,8,-
カジッチュ,りんごぐらしポケモン,0.2m,0.5kg,くさ,ドラゴン,40,40,80,40,40,20,260,植物,ドラゴン,一般,じゅくせい,くいしんぼう,ぼうだん,8,-
アップリュー,りんごはねポケモン,0.3m,1.0kg,くさ,ドラゴン,70,110,80,95,60,70,485,植物,ドラゴン,一般,じゅくせい,くいしんぼう,はりきり,8,-
タルップル,りんごじるポケモン,0.4m,13.0kg,くさ,ドラゴン,110,85,80,100,80,30,485,植物,ドラゴン,一般,じゅくせい,くいしんぼう,あついしぼう,8,-
スナヘビ,すなへびポケモン,2.2m,7.6kg,じめん,-,52,57,75,35,50,46,315,陸上,ドラゴン,一般,すなはき,だっぴ,すながくれ,8,-
サダイジャ,すなへびポケモン,3.8m,65.5kg,じめん,-,72,107,125,65,70,71,510,陸上,ドラゴン,一般,すなはき,だっぴ,すながくれ,8,-
ウッウ,うのみポケモン,0.8m,18.0kg,ひこう,みず,70,85,55,85,95,85,475,水中1,飛行,一般,うのミサイル,-,-,8,-
サシカマス,とつげきポケモン,0.5m,1.0kg,みず,-,41,63,40,40,30,66,280,水中2,-,一般,すいすい,-,スクリューおびれ,8,-
カマスジョー,くしざしポケモン,1.3m,30.0kg,みず,-,61,123,60,60,50,136,490,水中2,-,一般,すいすい,-,スクリューおびれ,8,-
エレズン,あかごポケモン,0.4m,11.0kg,でんき,どく,40,38,35,54,35,40,242,タマゴ未発見,-,一般,びびり,せいでんき,ぶきよう,8,-
ストリンダー,パンクポケモン,1.6m,40.0kg,でんき,どく,75,98,70,114,70,75,502,人型,-,一般,パンクロック,プラス,テクニシャン,8,ハイなすがた
ストリンダー,パンクポケモン,1.6m,40.0kg,でんき,どく,75,98,70,114,70,75,502,人型,-,一般,パンクロック,マイナス,テクニシャン,8,ローなすがた
ヤクデ,はつねつポケモン,0.7m,1.0kg,ほのお,むし,50,65,45,50,50,45,305,虫,-,一般,もらいび,しろいけむり,ほのおのからだ,8,-
マルヤクデ,はつねつポケモン,3.0m,120.0kg,ほのお,むし,100,115,65,90,90,65,525,虫,-,一般,もらいび,しろいけむり,ほのおのからだ,8,-
タタッコ,だだっこポケモン,0.6m,4.0kg,かくとう,-,50,68,60,50,50,32,310,水中1,人型,一般,じゅうなん,-,テクニシャン,8,-
オトスパス,じゅうじゅつポケモン,1.6m,39.0kg,かくとう,-,80,118,90,70,80,42,480,水中1,人型,一般,じゅうなん,-,テクニシャン,8,-
ヤバチャ,こうちゃポケモン,0.1m,0.2kg,ゴースト,-,40,45,45,74,54,50,308,鉱物,不定形 (性別不明),一般,くだけるよろい,-,のろわれボディ,8,-
ポットデス,こうちゃポケモン,0.2m,0.4kg,ゴースト,-,60,65,65,134,114,70,508,鉱物,不定形 (性別不明),一般,くだけるよろい,-,のろわれボディ,8,-
ミブリム,おだやかポケモン,0.4m,3.4kg,エスパー,-,42,30,45,56,53,39,265,妖精,-,一般,いやしのこころ,きけんよち,マジックミラー,8,-
テブリム,せいしゅくポケモン,0.6m,4.8kg,エスパー,-,57,40,65,86,73,49,370,妖精,-,一般,いやしのこころ,きけんよち,マジックミラー,8,-
ブリムオン,せいじゃくポケモン,2.1m,5.1kg,エスパー,フェアリー,57,90,95,136,103,29,510,妖精,-,一般,いやしのこころ,きけんよち,マジックミラー,8,-
ベロバー,いじわるポケモン,0.4m,5.5kg,あく,フェアリー,45,45,30,55,40,50,265,妖精,人型,一般,いたずらごころ,おみとおし,わるいてぐせ,8,-
ギモー,しょうわるポケモン,0.8m,12.5kg,あく,フェアリー,65,60,45,75,55,70,370,妖精,人型,一般,いたずらごころ,おみとおし,わるいてぐせ,8,-
オーロンゲ,ビルドアップポケモン,1.5m,61.0kg,あく,フェアリー,95,120,65,95,75,60,510,妖精,人型,一般,いたずらごころ,おみとおし,わるいてぐせ,8,-
タチフサグマ,ていしポケモン,1.6m,46.0kg,あく,ノーマル,93,90,101,60,81,95,520,陸上,-,一般,すてみ,こんじょう,まけんき,8,-
ニャイキング,バイキングポケモン,0.8m,28.0kg,はがね,-,70,110,100,50,60,50,440,陸上,-,一般,カブトアーマー,かたいツメ,はがねのせいしん,8,-
サニゴーン,さんごポケモン,1.0m,0.4kg,ゴースト,-,60,95,50,145,130,30,510,水中1,水中3,一般,くだけるよろい,-,ほろびのボディ,8,-
ネギガナイト,かるがもポケモン,0.8m,117.0kg,かくとう,-,62,135,95,68,82,65,507,飛行,陸上,一般,ふくつのこころ,-,きもったま,8,-
バリコオル,コメディアンポケモン,1.5m,58.2kg,こおり,エスパー,80,85,75,110,100,70,520,人型,-,一般,ちどりあし,バリアフリー,アイスボディ,8,-
デスバーン,おんねんポケモン,1.6m,66.6kg,じめん,ゴースト,58,95,145,50,105,30,483,鉱物,不定形,一般,さまようたましい,-,-,8,-
マホミル,クリームポケモン,0.2m,0.3kg,フェアリー,-,45,40,40,50,61,34,270,妖精,不定形,一般,スイートベール,-,アロマベール,8,-
マホイップ,クリームポケモン,0.3m,0.5kg,フェアリー,-,65,60,75,110,121,64,495,妖精,不定形,一般,スイートベール,-,アロマベール,8,-
タイレーツ,じんけいポケモン,3.0m,62.0kg,かくとう,-,65,100,100,70,60,75,470,妖精,鉱物 (性別不明),一般,カブトアーマー,-,まけんき,8,-
バチンウニ,うにポケモン,0.3m,1.0kg,でんき,-,48,101,95,91,85,15,435,水中1,不定形,一般,ひらいしん,-,エレキメイカー,8,-
ユキハミ,いもむしポケモン,0.3m,3.8kg,こおり,むし,30,25,35,45,30,20,185,虫,-,一般,りんぷん,-,こおりのりんぷん,8,-
モスノウ,こおりがポケモン,1.3m,42.0kg,こおり,むし,70,65,60,125,90,65,475,虫,-,一般,りんぷん,-,こおりのりんぷん,8,-
イシヘンジン,きょせきポケモン,2.5m,520.0kg,いわ,-,100,125,135,20,20,70,470,鉱物,-,一般,パワースポット,-,-,8,-
コオリッポ,ペンギンポケモン,1.4m,89.0kg,こおり,-,75,80,110,65,90,50,470,水中1,陸上,一般,アイスフェイス,-,-,8,アイスフェイス
コオリッポ,ペンギンポケモン,1.4m,89.0kg,こおり,-,75,80,70,65,50,130,470,水中1,陸上,一般,アイスフェイス,-,-,8,ナイスフェイス
イエッサン,かんじょうポケモン,0.9m,28.0kg,エスパー,ノーマル,60,65,55,105,95,95,475,妖精,-,一般,せいしんりょく,シンクロ,サイコメイカー,8,オスのすがた
イエッサン,かんじょうポケモン,0.9m,28.0kg,エスパー,ノーマル,70,55,65,95,105,85,475,妖精,-,一般,マイペース,シンクロ,サイコメイカー,8,メスのすがた
モルペコ,にめんポケモン,0.3m,3.0kg,でんき,あく,58,95,58,70,58,97,436,陸上,妖精,一般,はらぺこスイッチ,-,-,8,-
ゾウドウ,どうぞうポケモン,1.2m,100.0kg,はがね,-,72,80,49,40,49,40,330,陸上,鉱物,一般,ちからずく,-,ヘヴィメタル,8,-
ダイオウドウ,どうぞうポケモン,3.0m,650.0kg,はがね,-,122,130,69,80,69,30,500,陸上,鉱物,一般,ちからずく,-,ヘヴィメタル,8,-
パッチラゴン,かせきポケモン,1.8m,190.0kg,でんき,ドラゴン,90,100,90,80,70,75,505,タマゴ未発見,-,一般,ちくでん,はりきり,すなかき,8,-
パッチルドン,かせきポケモン,2.3m,150.0kg,でんき,こおり,90,100,90,90,80,55,505,タマゴ未発見,-,一般,ちくでん,せいでんき,ゆきかき,8,-
ウオノラゴン,かせきポケモン,2.3m,215.0kg,みず,ドラゴン,90,90,100,70,80,75,505,タマゴ未発見,-,一般,ちょすい,がんじょうあご,すなかき,8,-
ウオチルドン,かせきポケモン,2.0m,175.0kg,みず,こおり,90,90,100,80,90,55,505,タマゴ未発見,-,一般,ちょすい,アイスボディ,ゆきかき,8,-
ジュラルドン,ごうきんポケモン,1.8m,40.0kg,はがね,ドラゴン,70,95,115,120,50,85,535,鉱物,ドラゴン,一般,ライトメタル,ヘヴィメタル,すじがねいり,8,-
ドラメシヤ,うらめしポケモン,0.5m,2.0kg,ドラゴン,ゴースト,28,60,30,40,30,82,270,不定形,ドラゴン,一般,クリアボディ,すりぬけ,のろわれボディ,8,-
ドロンチ,せわやくポケモン,1.4m,11.0kg,ドラゴン,ゴースト,68,80,50,60,50,102,410,不定形,ドラゴン,一般,クリアボディ,すりぬけ,のろわれボディ,8,-
ドラパルト,ステルスポケモン,3.0m,50.0kg,ドラゴン,ゴースト,88,120,75,100,75,142,600,不定形,ドラゴン,一般,クリアボディ,すりぬけ,のろわれボディ,8,-
ザシアン,つわものポケモン,2.8m,110.0kg,フェアリー,-,92,130,115,80,115,138,670,タマゴ未発見,-,伝説,ふとうのけん,-,-,8,れきせんのゆうしゃ
ザシアン,つわものポケモン,2.8m,355.0kg,フェアリー,はがね,92,170,115,80,115,148,720,タマゴ未発見,-,伝説,ふとうのけん,-,-,8,けんのおう
ザマゼンタ,つわものポケモン,2.9m,210.0kg,かくとう,-,92,130,115,80,115,138,670,タマゴ未発見,-,伝説,ふくつのたて,-,-,8,れきせんのゆうしゃ
ザマゼンタ,つわものポケモン,2.9m,785.0kg,かくとう,はがね,92,130,145,80,145,128,720,タマゴ未発見,-,伝説,ふくつのたて,-,-,8,たてのおう
ムゲンダイナ,キョダイポケモン,20.0m,950.0kg,どく,ドラゴン,140,85,95,145,95,130,690,タマゴ未発見,-,伝説,プレッシャー,-,-,8,通常
ムゲンダイナ,キョダイポケモン,100.0m,0.0kg,どく,ドラゴン,255,115,250,125,250,130,1125,タマゴ未発見,-,伝説,プレッシャー,-,-,8,ムゲンダイマックス
ダクマ,けんぽうポケモン,0.6m,12.0kg,かくとう,-,60,90,60,53,50,72,385,タマゴ未発見,-,準伝説,せいしんりょく,-,-,8,-
ウーラオス,けんぽうポケモン,1.9m,105.0kg,かくとう,あく,100,130,100,63,60,97,550,タマゴ未発見,-,準伝説,ふかしのこぶし,-,-,8,いちげきのかた
ウーラオス,けんぽうポケモン,1.9m,105.0kg,かくとう,みず,100,130,100,63,60,97,550,タマゴ未発見,-,準伝説,ふかしのこぶし,-,-,8,れんげきのかた
ザルード,わるざるポケモン,1.8m,70.0kg,あく,くさ,105,120,105,70,95,105,600,タマゴ未発見,-,幻,リーフガード,-,-,8,-
レジエレキ,エレクトロンポケモン,1.2m,145.0kg,でんき,-,80,100,50,100,50,200,580,タマゴ未発見,-,準伝説,トランジスタ,-,-,8,-
レジドラゴ,りゅうぎょくポケモン,2.1m,200.0kg,ドラゴン,-,200,100,50,100,50,80,580,タマゴ未発見,-,準伝説,りゅうのあぎと,-,-,8,-
ブリザポス,あばれうまポケモン,2.2m,800.0kg,こおり,-,100,145,130,65,110,30,580,タマゴ未発見,-,準伝説,しろのいななき,-,-,8,-
レイスポス,しゅんばポケモン,2.0m,44.5kg,ゴースト,-,100,65,60,145,80,130,580,タマゴ未発見,-,準伝説,くろのいななき,-,-,8,-
バドレックス,キングポケモン,1.1m,7.7kg,エスパー,くさ,100,80,80,80,80,80,500,タマゴ未発見,-,伝説,きんちょうかん,-,-,8,通常
バドレックス,エンペラーポケモン,2.4m,809.1kg,エスパー,こおり,100,165,150,85,130,50,680,タマゴ未発見,-,伝説,じんばいったい,-,-,8,はくばじょうのすがた
バドレックス,エンペラーポケモン,2.4m,53.6kg,エスパー,ゴースト,100,85,80,165,100,150,680,タマゴ未発見,-,伝説,じんばいったい,-,-,8,こくばじょうのすがた
